Date,Close,Open,High,Low,Volume,Change %,Return
2010-01-04,7.64,7.62,7.66,7.58,493.73M,1.56%,0.0
2010-01-05,7.66,7.66,7.7,7.62,601.90M,0.17%,0.0026143805740708936
2010-01-06,7.53,7.66,7.69,7.53,552.16M,-1.59%,-0.017116941940697752
2010-01-07,7.52,7.56,7.57,7.47,477.13M,-0.18%,-0.001328903850053863
2010-01-08,7.57,7.51,7.57,7.47,447.88M,0.66%,0.006626929487609078
2010-01-11,7.5,7.6,7.61,7.44,462.23M,-0.88%,-0.009290046907092642
2010-01-12,7.42,7.47,7.49,7.37,594.46M,-1.14%,-0.010723963362975724
2010-01-13,7.52,7.42,7.53,7.29,605.89M,1.41%,0.013387080782459279
2010-01-14,7.48,7.5,7.52,7.46,433.15M,-0.58%,-0.005333345975362505
2010-01-15,7.35,7.53,7.56,7.35,594.34M,-1.67%,-0.017532478761640637
2010-01-19,7.68,7.44,7.69,7.4,730.01M,4.42%,0.04391923393483558
2010-01-20,7.56,7.68,7.7,7.48,612.15M,-1.54%,-0.015748356968139168
2010-01-21,7.43,7.57,7.62,7.4,608.15M,-1.73%,-0.017345331461773847
2010-01-22,7.06,7.38,7.41,7.04,881.77M,-4.96%,-0.05108080722451715
2010-01-25,7.25,7.23,7.31,7.15,1.07B,2.69%,0.026556417361432674
2010-01-26,7.35,7.36,7.63,7.23,1.87B,1.41%,0.013698844358161927
2010-01-27,7.42,7.39,7.52,7.13,1.72B,0.94%,0.009478743954543739
2010-01-28,7.12,7.32,7.34,7.1,1.17B,-4.13%,-0.04127133175540461
2010-01-29,6.86,7.18,7.22,6.79,1.25B,-3.63%,-0.03720028368609046
2010-02-01,6.95,6.87,7.0,6.83,749.87M,1.39%,0.013034217838906906
2010-02-02,6.99,7.0,7.01,6.91,698.34M,0.58%,0.005738896669018178
2010-02-03,7.12,6.97,7.15,6.94,615.33M,1.72%,0.018427169178165587
2010-02-04,6.86,7.03,7.08,6.84,757.65M,-3.60%,-0.03720028368609046
2010-02-05,6.98,6.88,7.0,6.82,850.31M,1.78%,0.017341475036487173
2010-02-08,6.93,6.99,7.07,6.93,478.27M,-0.69%,-0.007189103572469338
2010-02-09,7.01,7.01,7.05,6.96,632.88M,1.07%,0.011477887844686839
2010-02-10,6.97,7.0,7.02,6.94,370.36M,-0.55%,-0.0057224762740662105
2010-02-11,7.1,6.96,7.13,6.93,550.34M,1.82%,0.018479559274837135
2010-02-12,7.16,7.08,7.2,6.98,655.47M,0.86%,0.008415196925284498
2010-02-16,7.26,7.21,7.27,7.2,543.95M,1.51%,0.013869847864150377
2010-02-17,7.23,7.29,7.3,7.17,436.40M,-0.42%,-0.004140792666031277
2010-02-18,7.25,7.2,7.28,7.18,422.82M,0.19%,0.0027624326959100796
2010-02-19,7.2,7.21,7.26,7.18,415.73M,-0.62%,-0.006920442844573795
2010-02-22,7.16,7.23,7.23,7.11,390.83M,-0.62%,-0.00557104504945536
2010-02-23,7.04,7.14,7.19,6.99,575.31M,-1.68%,-0.016901810802603254
2010-02-24,7.17,7.08,7.19,7.07,460.57M,1.83%,0.018297484441578037
2010-02-25,7.21,7.05,7.24,7.03,665.40M,0.67%,0.005563296685328732
2010-02-26,7.31,7.23,7.33,7.21,507.46M,1.30%,0.013774322464829422
2010-03-01,7.46,7.35,7.48,7.34,550.09M,2.14%,0.020312140453982306
2010-03-02,7.46,7.5,7.53,7.42,566.55M,-0.07%,0.0
2010-03-03,7.48,7.46,7.5,7.43,372.24M,0.23%,0.0026773777707163942
2010-03-04,7.53,7.47,7.53,7.45,366.04M,0.66%,0.00666224982541625
2010-03-05,7.82,7.68,7.85,7.67,899.62M,3.91%,0.03778951274541747
2010-03-08,7.82,7.86,7.86,7.79,429.89M,0.00%,0.0
2010-03-09,7.96,7.8,8.04,7.78,920.26M,1.80%,0.01774444529907191
2010-03-10,8.03,7.99,8.05,7.97,596.22M,0.82%,0.008755528102378504
2010-03-11,8.05,8.0,8.05,7.98,405.70M,0.29%,0.0024875634718019286
2010-03-12,8.09,8.12,8.13,8.06,416.32M,0.49%,0.004956639639928196
2010-03-15,7.99,8.05,8.05,7.87,493.50M,-1.22%,-0.012437971292216946
2010-03-16,8.02,8.01,8.03,7.95,446.91M,0.27%,0.003747662100239749
2010-03-17,8.0,8.03,8.09,7.97,450.96M,-0.15%,-0.0024968801985871545
2010-03-18,8.02,8.0,8.04,7.95,342.11M,0.24%,0.002496880198587146
2010-03-19,7.94,8.03,8.04,7.9,559.45M,-1.07%,-0.010025146619378707
2010-03-22,8.03,7.87,8.07,7.86,456.42M,1.12%,0.011271252699625752
2010-03-23,8.16,8.06,8.17,8.0,602.43M,1.61%,0.0160596410173454
2010-03-24,8.19,8.13,8.22,8.13,598.28M,0.44%,0.0036697288889624017
2010-03-25,8.09,8.25,8.25,8.08,543.27M,-1.19%,-0.01228516679457769
2010-03-26,8.25,8.18,8.28,8.16,640.87M,1.88%,0.019584469276189394
2010-03-29,8.3,8.32,8.35,8.27,540.74M,0.65%,0.006042314455962662
2010-03-30,8.42,8.45,8.48,8.37,527.31M,1.49%,0.014354313451683122
2010-03-31,8.39,8.41,8.45,8.37,430.66M,-0.36%,-0.0035693077751204503
2010-04-01,8.43,8.48,8.53,8.31,603.14M,0.41%,0.004756251534649276
2010-04-05,8.52,8.39,8.52,8.38,684.51M,1.07%,0.010619568827460351
2010-04-06,8.55,8.51,8.58,8.46,447.02M,0.44%,0.003514942107444592
2010-04-07,8.59,8.56,8.64,8.52,628.50M,0.44%,0.004667453047495021
2010-04-08,8.57,8.59,8.63,8.5,572.99M,-0.27%,-0.0023310033864754783
2010-04-09,8.64,8.62,8.64,8.59,334.18M,0.77%,0.008134850206275815
2010-04-12,8.65,8.65,8.68,8.64,333.22M,0.21%,0.0011567381278237332
2010-04-13,8.66,8.64,8.67,8.61,306.21M,0.06%,0.0011554016305558895
2010-04-14,8.77,8.76,8.78,8.72,404.07M,1.34%,0.012622083809747763
2010-04-15,8.89,8.78,8.89,8.77,376.78M,1.31%,0.013590243141721662
2010-04-16,8.84,8.88,8.97,8.73,750.54M,-0.61%,-0.005640172876261197
2010-04-19,8.82,8.82,8.85,8.63,566.92M,-0.13%,-0.002265006630852125
2010-04-20,8.74,8.88,8.9,8.68,738.32M,-1.00%,-0.00911168035125589
2010-04-21,9.26,9.24,9.29,9.13,982.39M,5.98%,0.05779385899064395
2010-04-22,9.52,9.22,9.53,9.15,793.42M,2.80%,0.027690800145185983
2010-04-23,9.67,9.57,9.72,9.54,796.95M,1.64%,0.015633460661928958
2010-04-26,9.62,9.71,9.73,9.58,479.07M,-0.49%,-0.0051840447875879546
2010-04-27,9.36,9.55,9.57,9.3,709.34M,-2.77%,-0.027398974188114388
2010-04-28,9.34,9.4,9.43,9.16,758.40M,-0.17%,-0.0021390382487494184
2010-04-29,9.59,9.39,9.64,9.36,558.84M,2.69%,0.02641463665459558
2010-04-30,9.32,9.62,9.66,9.32,542.46M,-2.81%,-0.028558260197847
2010-05-03,9.51,9.42,9.57,9.39,454.34M,2.01%,0.020181247859799037
2010-05-04,9.24,9.39,9.4,9.17,723.82M,-2.88%,-0.028801990903706078
2010-05-05,9.14,9.04,9.22,8.88,883.10M,-1.04%,-0.010881500187534062
2010-05-06,8.79,9.07,9.22,7.12,1.29B,-3.80%,-0.03904567376897322
2010-05-07,8.42,8.7,8.81,8.04,1.68B,-4.22%,-0.04300488344285015
2010-05-10,9.07,8.94,9.09,8.88,984.31M,7.69%,0.07436243587281001
2010-05-11,9.16,8.99,9.28,8.95,850.35M,1.00%,0.009873914558993615
2010-05-12,9.36,9.26,9.4,9.24,654.38M,2.17%,0.02159911180346172
2010-05-13,9.23,9.4,9.46,9.16,599.71M,-1.42%,-0.013986241974739726
2010-05-14,9.06,9.11,9.16,8.91,759.36M,-1.76%,-0.018589928459872836
2010-05-17,9.08,9.1,9.15,8.85,762.83M,0.16%,0.0022050725583139755
2010-05-18,9.01,9.18,9.23,8.94,782.68M,-0.73%,-0.007739120992955384
2010-05-19,8.87,8.91,9.03,8.74,1.03B,-1.59%,-0.015660275298758495
2010-05-20,8.49,8.64,8.71,8.44,1.28B,-4.26%,-0.04378579599823206
2010-05-21,8.65,8.31,8.73,8.26,1.22B,1.92%,0.018670320620531918
2010-05-24,8.81,8.83,8.96,8.79,754.25M,1.83%,0.01832811900430018
2010-05-25,8.76,8.55,8.81,8.47,1.05B,-0.62%,-0.005691534999788097
2010-05-26,8.72,8.93,9.0,8.71,850.66M,-0.45%,-0.004576667027411755
2010-05-27,9.05,8.95,9.07,8.9,666.30M,3.79%,0.03714551979094646
2010-05-28,9.17,9.26,9.26,9.05,815.61M,1.39%,0.013172528556538738
2010-06-01,9.32,9.27,9.5,9.25,876.47M,1.54%,0.016225342429126346
2010-06-02,9.43,9.45,9.46,9.3,688.55M,1.20%,0.011733467947866272
2010-06-03,9.4,9.47,9.48,9.3,650.16M,-0.31%,-0.003186407369407869
2010-06-04,9.14,9.22,9.35,9.09,758.44M,-2.72%,-0.028049303809899555
2010-06-07,8.96,9.22,9.26,8.95,886.98M,-1.96%,-0.01989015847921946
2010-06-08,8.9,9.04,9.06,8.77,1.00B,-0.64%,-0.006718950248744981
2010-06-09,8.69,8.98,9.0,8.66,854.63M,-2.46%,-0.02387833746079359
2010-06-10,8.95,8.74,8.96,8.65,776.36M,3.01%,0.029480593009463252
2010-06-11,9.05,8.87,9.07,8.83,545.76M,1.20%,0.011111225425070849
2010-06-14,9.08,9.14,9.26,9.07,602.96M,0.30%,0.0033094349013670092
2010-06-15,9.27,9.13,9.28,9.12,585.07M,2.13%,0.020709186964561855
2010-06-16,9.54,9.32,9.56,9.31,783.69M,2.91%,0.02871010588243136
2010-06-17,9.71,9.66,9.75,9.62,873.46M,1.73%,0.017662796843038637
2010-06-18,9.79,9.72,9.82,9.69,784.62M,0.81%,0.008205174239185296
2010-06-21,9.65,9.92,9.96,9.6,776.49M,-1.42%,-0.014403541191524358
2010-06-22,9.78,9.72,9.86,9.7,717.26M,1.36%,0.013381568695831368
2010-06-23,9.68,9.81,9.81,9.57,768.46M,-1.05%,-0.010277582758240296
2010-06-24,9.61,9.68,9.76,9.57,715.13M,-0.73%,-0.007257678306284528
2010-06-25,9.52,9.64,9.65,9.49,549.94M,-0.86%,-0.009409374178927144
2010-06-28,9.58,9.53,9.63,9.45,585.43M,0.60%,0.006282743179495209
2010-06-29,9.15,9.43,9.44,9.08,1.13B,-4.52%,-0.0459237126953392
2010-06-30,8.98,9.17,9.21,8.93,739.47M,-1.81%,-0.018753996973321665
2010-07-01,8.87,9.08,9.1,8.69,1.02B,-1.21%,-0.012325085992620229
2010-07-02,8.82,8.95,8.96,8.69,694.50M,-0.62%,-0.0056529263027881
2010-07-06,8.88,8.96,9.03,8.79,615.24M,0.68%,0.006779686985378769
2010-07-07,9.24,8.95,9.24,8.92,654.56M,4.04%,0.03974032864951412
2010-07-08,9.22,9.37,9.39,9.1,738.15M,-0.22%,-0.002166848085090314
2010-07-09,9.27,9.17,9.28,9.11,433.57M,0.59%,0.00540834200926123
2010-07-12,9.19,9.23,9.35,9.1,562.88M,-0.90%,-0.008667443210168076
2010-07-13,8.99,9.15,9.16,8.8,1.19B,-2.13%,-0.022003087884066717
2010-07-14,9.03,8.91,9.14,8.89,812.17M,0.37%,0.00443951894536512
2010-07-15,8.98,8.87,9.18,8.83,824.86M,-0.51%,-0.005552485114785667
2010-07-16,8.92,9.04,9.11,8.87,1.04B,-0.62%,-0.0067039357221903295
2010-07-19,8.77,8.92,8.92,8.56,1.02B,-1.73%,-0.01695914020782633
2010-07-20,9.0,8.67,9.03,8.57,1.07B,2.57%,0.025887770952127784
2010-07-21,9.08,9.47,9.47,9.07,1.19B,0.93%,0.0088496152769826
2010-07-22,9.25,9.2,9.29,9.12,645.32M,1.88%,0.018549358911131988
2010-07-23,9.28,9.18,9.3,9.15,533.39M,0.35%,0.0032379952737753475
2010-07-26,9.26,9.29,9.29,9.2,420.55M,-0.25%,-0.0021574981400211257
2010-07-27,9.43,9.32,9.46,9.3,584.77M,1.85%,0.018192047987278054
2010-07-28,9.32,9.42,9.5,9.29,519.98M,-1.18%,-0.011733467947866292
2010-07-29,9.22,9.31,9.38,9.15,643.81M,-1.09%,-0.010787591128997352
2010-07-30,9.19,9.14,9.27,9.1,448.46M,-0.33%,-0.003259101200906943
2010-08-02,9.35,9.3,9.38,9.27,428.08M,1.79%,0.017260406932999992
2010-08-03,9.35,9.32,9.4,9.26,417.65M,0.00%,0.0
2010-08-04,9.39,9.39,9.44,9.3,420.56M,0.40%,0.0042689499195760145
2010-08-05,9.35,9.35,9.4,9.31,289.36M,-0.49%,-0.0042689499195760015
2010-08-06,9.29,9.28,9.34,9.2,445.01M,-0.61%,-0.00643779047484853
2010-08-09,9.35,9.34,9.36,9.27,303.13M,0.64%,0.006437790474848517
2010-08-10,9.26,9.28,9.3,9.2,451.92M,-0.89%,-0.009672294642507632
2010-08-11,8.94,9.12,9.13,8.92,620.05M,-3.55%,-0.035168459472665226
2010-08-12,8.99,8.81,9.04,8.79,534.92M,0.64%,0.005577259298106215
2010-08-13,8.9,8.99,9.0,8.9,354.87M,-1.07%,-0.010061571745434745
2010-08-16,8.84,8.84,8.93,8.81,318.43M,-0.59%,-0.006764400088542149
2010-08-17,9.0,8.93,9.09,8.9,422.65M,1.75%,0.01793770068666725
2010-08-18,9.04,9.01,9.1,8.98,339.70M,0.44%,0.004434597067865554
2010-08-19,8.92,9.03,9.05,8.88,426.71M,-1.26%,-0.013363227812167028
2010-08-20,8.92,8.91,9.07,8.89,384.23M,-0.10%,0.0
2010-08-23,8.78,8.99,9.0,8.76,414.07M,-1.54%,-0.015819538944892766
2010-08-24,8.57,8.67,8.68,8.52,602.55M,-2.39%,-0.02420867503733679
2010-08-25,8.67,8.5,8.71,8.47,596.87M,1.23%,0.011601058182761975
2010-08-26,8.58,8.77,8.78,8.58,466.50M,-1.07%,-0.010434877292579508
2010-08-27,8.63,8.63,8.66,8.41,548.59M,0.56%,0.005810591595465744
2010-08-30,8.66,8.6,8.78,8.6,383.29M,0.36%,0.0034702174790071237
2010-08-31,8.68,8.64,8.73,8.58,420.79M,0.25%,0.0023068060979148704
2010-09-01,8.94,8.84,8.98,8.8,697.04M,2.97%,0.029514060513164006
2010-09-02,9.01,8.97,9.01,8.88,415.43M,0.74%,0.0077994824348238895
2010-09-03,9.24,9.11,9.24,9.09,520.79M,2.62%,0.025206814033346316
2010-09-07,9.21,9.17,9.27,9.15,342.83M,-0.37%,-0.0032520353863772318
2010-09-08,9.39,9.28,9.44,9.25,526.55M,1.98%,0.019355442952956072
2010-09-09,9.4,9.47,9.52,9.39,438.57M,0.06%,0.001064396055786723
2010-09-10,9.41,9.4,9.45,9.34,387.76M,0.13%,0.0010632643213300838
2010-09-13,9.54,9.49,9.58,9.49,388.78M,1.38%,0.013720531862906853
2010-09-14,9.57,9.51,9.61,9.48,408.15M,0.38%,0.0031397200046678463
2010-09-15,9.65,9.58,9.66,9.57,429.37M,0.81%,0.008324709886031633
2010-09-16,9.88,9.65,9.88,9.62,652.10M,2.35%,0.023554596408881884
2010-09-17,9.83,9.92,9.93,9.77,634.48M,-0.43%,-0.005073577600701339
2010-09-20,10.12,9.86,10.13,9.85,659.29M,2.85%,0.029074729700244113
2010-09-21,10.13,10.14,10.26,10.1,669.68M,0.19%,0.000987654401272632
2010-09-22,10.28,10.1,10.28,10.09,585.42M,1.40%,0.014698941766426806
2010-09-23,10.32,10.23,10.46,10.21,786.12M,0.41%,0.003883500026397612
2010-09-24,10.44,10.43,10.48,10.38,649.49M,1.18%,0.011560822401076006
2010-09-27,10.4,10.5,10.53,10.39,483.10M,-0.40%,-0.0038387763071656015
2010-09-28,10.24,10.42,10.42,9.82,1.04B,-1.48%,-0.015504186535965312
2010-09-29,10.26,10.26,10.35,10.21,469.64M,0.18%,0.0019512201312617493
2010-09-30,10.13,10.32,10.36,10.04,673.39M,-1.26%,-0.012751521482031378
2010-10-01,10.09,10.22,10.23,10.05,448.41M,-0.43%,-0.00395648389507448
2010-10-04,9.95,10.06,10.1,9.92,435.30M,-1.37%,-0.013972283195016257
2010-10-05,10.32,10.07,10.34,10.07,501.97M,3.70%,0.03651120888291536
2010-10-06,10.33,10.34,10.43,10.19,670.87M,0.09%,0.0009685230781305052
2010-10-07,10.33,10.37,10.37,10.25,408.40M,0.00%,0.0
2010-10-08,10.5,10.42,10.52,10.36,658.40M,1.68%,0.01632297403193052
2010-10-11,10.55,10.53,10.62,10.52,427.75M,0.44%,0.004750602758597799
2010-10-12,10.66,10.55,10.7,10.45,558.54M,1.08%,0.010372558815622976
2010-10-13,10.72,10.72,10.78,10.71,630.09M,0.54%,0.005612736904957385
2010-10-14,10.8,10.77,10.8,10.73,435.30M,0.72%,0.0074349784875179905
2010-10-15,11.24,10.98,11.25,10.89,922.19M,4.11%,0.03993271033537101
2010-10-18,11.36,11.37,11.39,11.22,1.10B,1.04%,0.010619568827460131
2010-10-19,11.05,10.84,11.21,10.71,1.23B,-2.68%,-0.027667985329243402
2010-10-20,11.09,11.04,11.22,10.96,721.62M,0.34%,0.0036133733985138313
2010-10-21,11.05,11.16,11.24,10.96,551.46M,-0.33%,-0.003613373398513815
2010-10-22,10.98,11.04,11.07,10.94,372.78M,-0.66%,-0.006354991882377228
2010-10-25,11.03,11.04,11.13,11.02,392.43M,0.45%,0.004543397184026351
2010-10-26,11.0,10.96,11.06,10.92,392.93M,-0.26%,-0.0027235604670404925
2010-10-27,10.99,10.99,11.07,10.91,399.00M,-0.07%,-0.0009095043828404999
2010-10-28,10.9,11.0,11.0,10.75,551.05M,-0.84%,-0.008222979180431992
2010-10-29,10.75,10.87,10.92,10.75,430.51M,-1.40%,-0.013857034661426241
2010-11-01,10.86,10.79,10.91,10.79,423.89M,1.06%,0.010180559932117523
2010-11-02,11.05,10.96,11.08,10.96,433.93M,1.70%,0.017344113457972564
2010-11-03,11.17,11.12,11.17,11.02,508.35M,1.11%,0.01080118511734748
2010-11-04,11.37,11.27,11.43,11.25,642.49M,1.75%,0.017746694681335343
2010-11-05,11.33,11.36,11.41,11.31,361.25M,-0.36%,-0.003524232722529663
2010-11-08,11.38,11.33,11.42,11.31,281.73M,0.47%,0.004403353658269974
2010-11-09,11.29,11.47,11.47,11.23,383.72M,-0.80%,-0.007940050536614323
2010-11-10,11.36,11.31,11.38,11.2,384.23M,0.62%,0.006181035131434669
2010-11-11,11.31,11.25,11.37,11.22,361.28M,-0.43%,-0.004411123164976115
2010-11-12,11.0,11.29,11.3,10.84,795.85M,-2.72%,-0.027792017329658594
2010-11-15,10.97,11.02,11.09,10.94,403.60M,-0.32%,-0.0027309985112316283
2010-11-16,10.77,10.92,10.99,10.69,658.95M,-1.77%,-0.018399783118841766
2010-11-17,10.73,10.76,10.86,10.63,479.45M,-0.36%,-0.0037209345256899624
2010-11-18,11.02,10.9,11.06,10.88,494.49M,2.64%,0.026668247082161273
2010-11-19,10.95,11.0,11.01,10.9,384.84M,-0.55%,-0.006372347462258579
2010-11-22,11.19,10.95,11.19,10.92,393.07M,2.16%,0.021681066061323948
2010-11-23,11.03,11.09,11.13,10.95,519.45M,-1.48%,-0.014401689058422809
2010-11-24,11.24,11.14,11.26,11.13,414.27M,1.96%,0.018860011200134006
2010-11-26,11.28,11.2,11.35,11.18,237.75M,0.31%,0.0035524016043677006
2010-11-29,11.32,11.27,11.34,11.12,445.76M,0.35%,0.003539826705124208
2010-11-30,11.11,11.2,11.23,11.1,501.85M,-1.81%,-0.01872546912349827
2010-12-01,11.3,11.26,11.35,11.25,461.75M,1.69%,0.016957122066756293
2010-12-02,11.36,11.34,11.39,11.25,463.65M,0.55%,0.005295687574710282
2010-12-03,11.34,11.32,11.38,11.3,342.37M,-0.22%,-0.001762114993399221
2010-12-06,11.43,11.38,11.51,11.37,448.48M,0.85%,0.007905179507113247
2010-12-07,11.36,11.56,11.57,11.36,391.45M,-0.61%,-0.006143064513714048
2010-12-08,11.46,11.42,11.46,11.33,321.93M,0.88%,0.008764297993588258
2010-12-09,11.42,11.5,11.52,11.39,294.15M,-0.39%,-0.0034965070587294257
2010-12-10,11.45,11.42,11.47,11.38,262.58M,0.25%,0.0026235257723844106
2010-12-13,11.49,11.58,11.61,11.46,439.81M,0.35%,0.003487361860415711
2010-12-14,11.44,11.49,11.52,11.39,351.57M,-0.43%,-0.0043611059090125324
2010-12-15,11.44,11.43,11.54,11.4,417.31M,0.00%,0.0
2010-12-16,11.47,11.47,11.52,11.43,322.03M,0.28%,0.0026189451896275733
2010-12-17,11.45,11.49,11.49,11.44,387.15M,-0.20%,-0.0017452011410307498
2010-12-20,11.51,11.49,11.54,11.37,385.61M,0.50%,0.005226492733542589
2010-12-21,11.58,11.54,11.59,11.5,256.35M,0.62%,0.006063249411057938
2010-12-22,11.61,11.58,11.63,11.56,266.14M,0.29%,0.0025873235649509544
2010-12-23,11.56,11.61,11.61,11.54,223.50M,-0.48%,-0.0043159324655685895
2010-12-27,11.6,11.53,11.62,11.48,249.82M,0.33%,0.0034542348680873824
2010-12-28,11.62,11.64,11.67,11.61,175.92M,0.24%,0.001722653311446156
2010-12-29,11.62,11.65,11.66,11.61,163.27M,-0.06%,0.0
2010-12-30,11.56,11.62,11.63,11.54,157.66M,-0.50%,-0.00517688817953368
2010-12-31,11.52,11.53,11.55,11.48,193.66M,-0.34%,-0.003466207976486284
2011-01-03,11.77,11.63,11.79,11.6,445.12M,2.17%,0.02146926600444012
2011-01-04,11.83,11.87,11.87,11.72,309.35M,0.52%,0.00508475671811002
2011-01-05,11.93,11.77,11.94,11.77,255.52M,0.82%,0.008417558119529222
2011-01-06,11.92,11.95,11.97,11.89,300.43M,-0.08%,-0.0008385744726210274
2011-01-07,12.0,11.93,12.01,11.85,311.93M,0.72%,0.00668898815079671
2011-01-10,12.23,12.1,12.26,12.04,448.56M,1.88%,0.018985299911080784
2011-01-11,12.2,12.32,12.32,12.12,444.08M,-0.24%,-0.0024559979598702615
2011-01-12,12.3,12.26,12.3,12.21,302.58M,0.81%,0.008163310639161056
2011-01-13,12.35,12.33,12.38,12.28,298.15M,0.37%,0.004056800695614248
2011-01-14,12.45,12.35,12.45,12.3,308.84M,0.81%,0.008064559836730495
2011-01-18,12.17,11.77,12.31,11.64,1.88B,-2.25%,-0.02274671591128081
2011-01-19,12.1,12.44,12.45,12.03,1.14B,-0.53%,-0.00576845439674042
2011-01-20,11.88,12.02,12.08,11.79,764.79M,-1.82%,-0.01834913866819643
2011-01-21,11.67,11.92,11.96,11.67,754.40M,-1.79%,-0.017834867636034313
2011-01-24,12.05,11.67,12.05,11.67,574.68M,3.28%,0.03204321363819956
2011-01-25,12.19,12.01,12.19,11.95,546.87M,1.17%,0.011551283556516113
2011-01-26,12.28,12.25,12.34,12.2,506.87M,0.72%,0.007355979225816284
2011-01-27,12.26,12.28,12.31,12.24,285.02M,-0.19%,-0.0016299922109310643
2011-01-28,12.0,12.29,12.3,11.91,592.06M,-2.07%,-0.021435280720065033
2011-01-31,12.12,11.99,12.14,11.94,377.25M,0.96%,0.009950330853168092
2011-02-01,12.32,12.19,12.34,12.18,426.63M,1.68%,0.01636697746420541
2011-02-02,12.3,12.3,12.33,12.27,258.96M,-0.21%,-0.001624695727001922
2011-02-03,12.27,12.28,12.29,12.09,393.80M,-0.26%,-0.0024420036555518557
2011-02-04,12.37,12.27,12.38,12.27,321.84M,0.89%,0.00811692768157639
2011-02-07,12.57,12.42,12.62,12.42,485.02M,1.55%,0.01603883619775953
2011-02-08,12.69,12.63,12.7,12.58,381.04M,0.94%,0.009501259124140215
2011-02-09,12.79,12.69,12.82,12.67,482.74M,0.83%,0.00784933386445504
2011-02-10,12.66,12.76,12.86,12.43,928.55M,-1.01%,-0.010216198874721154
2011-02-11,12.74,12.67,12.78,12.63,367.57M,0.65%,0.0062992334279871505
2011-02-14,12.83,12.74,12.84,12.74,310.41M,0.65%,0.007039528483527653
2011-02-15,12.85,12.83,12.86,12.77,284.17M,0.20%,0.0015576327136836792
2011-02-16,12.97,12.89,13.03,12.87,481.16M,0.90%,0.009295186987123677
2011-02-17,12.8,12.76,12.87,12.73,530.57M,-1.33%,-0.013193827402780993
2011-02-18,12.52,12.81,12.84,12.48,816.05M,-2.16%,-0.022117805253619106
2011-02-22,12.09,12.22,12.34,12.06,872.54M,-3.41%,-0.03494870104525119
2011-02-23,12.24,12.1,12.31,12.09,671.85M,1.18%,0.012330612457478725
2011-02-24,12.25,12.29,12.33,12.08,499.90M,0.08%,0.0008166599065559652
2011-02-25,12.43,12.33,12.44,12.31,380.02M,1.54%,0.014586968531883708
2011-02-28,12.61,12.54,12.68,12.54,403.07M,1.45%,0.014377244454208469
2011-03-01,12.48,12.7,12.7,12.42,456.13M,-1.10%,-0.010362787035546547
2011-03-02,12.58,12.5,12.66,12.44,602.59M,0.80%,0.007980888331012832
2011-03-03,12.84,12.76,12.85,12.71,500.79M,2.11%,0.020457046989520583
2011-03-04,12.86,12.86,12.87,12.78,453.27M,0.12%,0.001556420547658158
2011-03-07,12.69,12.91,12.92,12.55,546.12M,-1.29%,-0.01330743708317705
2011-03-08,12.71,12.68,12.76,12.58,356.32M,0.11%,0.001574803475066391
2011-03-09,12.59,12.67,12.67,12.52,453.40M,-0.92%,-0.009486237145106957
2011-03-10,12.38,12.47,12.49,12.32,507.89M,-1.65%,-0.016820580799805723
2011-03-11,12.57,12.33,12.58,12.32,471.08M,1.53%,0.015230755345705952
2011-03-14,12.63,12.61,12.73,12.55,436.46M,0.45%,0.004761913760243785
2011-03-15,12.34,12.22,12.42,12.15,721.05M,-2.30%,-0.023228917885158025
2011-03-16,11.79,12.21,12.25,11.65,1.16B,-4.46%,-0.04559430392796226
2011-03-17,11.95,12.03,12.13,11.81,659.42M,1.40%,0.013479563828240235
2011-03-18,11.81,12.04,12.08,11.79,753.21M,-1.19%,-0.011784648168248587
2011-03-21,12.12,12.0,12.13,11.97,409.39M,2.61%,0.025910350431897256
2011-03-22,12.19,12.23,12.24,12.11,326.23M,0.56%,0.005758962852011695
2011-03-23,12.11,12.12,12.15,12.0,372.99M,-0.59%,-0.006584385928179282
2011-03-24,12.32,12.21,12.36,12.1,404.71M,1.70%,0.01719240054037299
2011-03-25,12.55,12.43,12.57,12.39,449.17M,1.90%,0.018496707472419226
2011-03-28,12.52,12.61,12.65,12.52,309.35M,-0.31%,-0.00239329990584049
2011-03-29,12.53,12.42,12.53,12.36,352.90M,0.15%,0.0007984032360245593
2011-03-30,12.45,12.52,12.53,12.41,329.41M,-0.66%,-0.006405145997260369
2011-03-31,12.45,12.37,12.49,12.36,274.37M,0.00%,0.0
2011-04-01,12.31,12.54,12.56,12.26,418.66M,-1.13%,-0.011308682714354418
2011-04-04,12.19,12.3,12.31,12.09,460.08M,-0.98%,-0.0097959967031821
2011-04-05,12.1,12.04,12.22,12.0,482.96M,-0.67%,-0.00741049089048479
2011-04-06,12.07,12.19,12.28,12.04,402.54M,-0.25%,-0.0024824174932551956
2011-04-07,12.07,12.07,12.16,12.0,373.45M,0.00%,0.0
2011-04-08,11.97,12.14,12.15,11.93,377.53M,-0.89%,-0.008319515539558276
2011-04-11,11.81,11.93,11.99,11.79,399.15M,-1.27%,-0.013456889360610843
2011-04-12,11.87,11.8,11.92,11.79,426.51M,0.48%,0.005067578412305664
2011-04-13,12.0,11.96,12.0,11.88,346.44M,1.12%,0.010892441166423754
2011-04-14,11.87,11.96,12.0,11.86,301.99M,-1.10%,-0.01089244116642367
2011-04-15,11.69,11.9,11.92,11.67,453.83M,-1.49%,-0.015280433137599629
2011-04-18,11.85,11.65,11.87,11.43,609.90M,1.34%,0.013594092097163191
2011-04-19,12.07,11.9,12.07,11.85,419.38M,1.81%,0.018395167528299894
2011-04-20,12.23,12.27,12.35,12.2,700.66M,1.35%,0.013168914589640953
2011-04-21,12.52,12.68,12.68,12.45,753.80M,2.42%,0.02343541597287143
2011-04-25,12.61,12.51,12.63,12.51,266.55M,0.66%,0.007162784304875678
2011-04-26,12.51,12.63,12.68,12.48,337.60M,-0.73%,-0.00796182549800839
2011-04-27,12.51,12.58,12.58,12.4,356.21M,-0.08%,0.0
2011-04-28,12.38,12.36,12.49,12.34,361.19M,-0.97%,-0.010446057222369626
2011-04-29,12.5,12.38,12.64,12.38,1.01B,0.97%,0.009646377051805335
2011-05-02,12.37,12.49,12.52,12.34,442.71M,-1.10%,-0.010454457903858985
2011-05-03,12.44,12.43,12.5,12.34,313.56M,0.55%,0.00564290090663679
2011-05-04,12.48,12.44,12.57,12.39,389.25M,0.39%,0.0032102756302481894
2011-05-05,12.38,12.44,12.53,12.36,336.26M,-0.81%,-0.008045095684831534
2011-05-06,12.38,12.49,12.5,12.36,280.25M,0.00%,0.0
2011-05-09,12.41,12.42,12.47,12.38,204.75M,0.27%,0.002420331960065672
2011-05-10,12.48,12.46,12.49,12.38,282.09M,0.53%,0.005624763724765788
2011-05-11,12.4,12.46,12.5,12.33,336.08M,-0.64%,-0.0064308903302904025
2011-05-12,12.38,12.36,12.4,12.22,320.96M,-0.19%,-0.0016142053545411135
2011-05-13,12.16,12.34,12.37,12.16,326.19M,-1.75%,-0.017930390718429133
2011-05-16,11.9,12.11,12.19,11.88,450.14M,-2.11%,-0.021613476420537188
2011-05-17,12.0,11.86,12.0,11.81,452.79M,0.85%,0.00836824967051658
2011-05-18,12.14,12.02,12.18,12.0,334.77M,1.11%,0.01159913584335194
2011-05-19,12.16,12.22,12.23,12.1,261.17M,0.19%,0.001646090906668717
2011-05-20,11.97,12.13,12.18,11.96,338.19M,-1.56%,-0.015748356968139168
2011-05-23,11.94,11.78,12.0,11.76,382.51M,-0.24%,-0.002509411605425807
2011-05-24,11.86,11.98,12.0,11.83,322.08M,-0.66%,-0.006722714394876589
2011-05-25,12.03,11.91,12.09,11.89,294.22M,1.38%,0.014232136417008196
2011-05-26,11.96,12.0,12.03,11.94,222.70M,-0.53%,-0.005835781464101653
2011-05-27,12.05,11.96,12.06,11.94,203.65M,0.72%,0.007496911414178374
2011-05-31,12.42,12.18,12.42,12.18,417.74M,3.09%,0.030243416568668597
2011-06-01,12.34,12.46,12.58,12.31,554.68M,-0.67%,-0.00646205802809098
2011-06-02,12.36,12.37,12.43,12.3,338.88M,0.17%,0.001619433552302976
2011-06-03,12.27,12.26,12.33,12.21,313.44M,-0.77%,-0.007308193306724641
2011-06-06,12.07,12.35,12.39,12.06,461.94M,-1.57%,-0.0164342236133799
2011-06-07,11.86,12.08,12.08,11.85,529.97M,-1.77%,-0.0175516415398608
2011-06-08,11.87,11.85,11.96,11.81,333.89M,0.06%,0.0008428150519971494
2011-06-09,11.84,11.9,11.92,11.81,275.37M,-0.23%,-0.0025305791657170467
2011-06-10,11.64,11.81,11.84,11.63,434.12M,-1.69%,-0.017036187152567852
2011-06-13,11.66,11.69,11.73,11.61,329.66M,0.21%,0.0017167386190545491
2011-06-14,11.87,11.79,11.9,11.76,334.57M,1.79%,0.017850027699230275
2011-06-15,11.67,11.78,11.8,11.6,399.41M,-1.71%,-0.016992762323111945
2011-06-16,11.61,11.67,11.74,11.37,510.59M,-0.49%,-0.0051546505886645375
2011-06-17,11.44,11.75,11.76,11.41,615.49M,-1.51%,-0.014750809758148253
2011-06-20,11.26,11.33,11.35,11.09,640.65M,-1.54%,-0.01585936324010751
2011-06-21,11.62,11.31,11.64,11.26,493.37M,3.17%,0.031471128712220874
2011-06-22,11.52,11.61,11.75,11.51,390.58M,-0.83%,-0.008643096156019969
2011-06-23,11.83,11.39,11.85,11.36,559.76M,2.67%,0.026554022722550325
2011-06-24,11.66,11.83,11.9,11.61,439.93M,-1.47%,-0.014474497067949116
2011-06-27,11.86,11.7,11.92,11.69,339.96M,1.74%,0.01700721264723293
2011-06-28,11.97,11.92,12.02,11.91,294.30M,0.97%,0.009232126000302555
2011-06-29,11.93,12.0,12.01,11.85,352.72M,-0.36%,-0.003347283460057146
2011-06-30,11.99,11.95,12.0,11.89,323.23M,0.49%,0.005016732929598254
2011-07-01,12.26,12.0,12.27,11.94,435.31M,2.26%,0.02226896146864245
2011-07-05,12.48,12.25,12.49,12.23,355.27M,1.80%,0.01778543243321634
2011-07-06,12.56,12.46,12.65,12.38,444.63M,0.67%,0.006389798098770988
2011-07-07,12.76,12.67,12.79,12.64,399.66M,1.55%,0.015798116876591092
2011-07-08,12.85,12.62,12.86,12.58,489.93M,0.70%,0.007028533424584992
2011-07-11,12.64,12.73,12.85,12.6,442.86M,-1.59%,-0.016477422622517383
2011-07-12,12.63,12.63,12.77,12.45,451.61M,-0.07%,-0.0007914523563116271
2011-07-13,12.79,12.8,12.86,12.73,391.64M,1.21%,0.01258867922835155
2011-07-14,12.78,12.89,12.91,12.73,430.53M,-0.07%,-0.000782166641362505
2011-07-15,13.03,12.9,13.04,12.83,484.47M,2.00%,0.019372942187364954
2011-07-18,13.35,13.05,13.38,13.05,572.63M,2.43%,0.02426199370950473
2011-07-19,13.46,13.5,13.52,13.33,819.15M,0.82%,0.008205939370323406
2011-07-20,13.82,14.15,14.15,13.79,941.33M,2.67%,0.026394494122941998
2011-07-21,13.83,13.82,13.93,13.71,526.52M,0.10%,0.0007233273371430259
2011-07-22,14.05,13.87,14.11,13.85,516.73M,1.55%,0.015782250103088015
2011-07-25,14.23,13.94,14.29,13.91,589.80M,1.32%,0.0127300163220061
2011-07-26,14.41,14.29,14.45,14.27,476.58M,1.23%,0.012569997909669664
2011-07-27,14.02,14.31,14.38,14.01,659.32M,-2.68%,-0.027437528404986682
2011-07-28,13.99,13.99,14.18,13.86,594.02M,-0.20%,-0.002142092929054212
2011-07-29,13.95,13.84,14.11,13.71,632.58M,-0.34%,-0.0028632804100152337
2011-08-01,14.17,14.21,14.27,14.01,612.83M,1.61%,0.01564754543521445
2011-08-02,13.89,14.2,14.21,13.87,639.54M,-1.98%,-0.01995789693633667
2011-08-03,14.02,13.96,14.06,13.65,732.50M,0.94%,0.009315724840191652
2011-08-04,13.48,13.91,13.98,13.48,871.41M,-3.87%,-0.03927777612228294
2011-08-05,13.34,13.59,13.7,12.95,1.20B,-0.99%,-0.010440064996683398
2011-08-08,12.61,12.92,13.13,12.61,1.14B,-5.46%,-0.056276890510649547
2011-08-09,13.36,12.9,13.38,12.68,1.08B,5.89%,0.05777501813167149
2011-08-10,12.99,13.26,13.38,12.95,878.65M,-2.76%,-0.02808533742599142
2011-08-11,13.35,13.23,13.41,13.03,741.97M,2.75%,0.02733655416375042
2011-08-12,13.46,13.5,13.56,13.37,528.97M,0.88%,0.008205939370323406
2011-08-15,13.69,13.56,13.75,13.5,460.54M,1.70%,0.016943315083775716
2011-08-16,13.59,13.63,13.69,13.43,498.89M,-0.76%,-0.007331411137305144
2011-08-17,13.59,13.65,13.73,13.5,442.06M,0.00%,0.0
2011-08-18,13.07,13.24,13.31,12.91,851.43M,-3.78%,-0.039014700526921776
2011-08-19,12.72,12.93,13.11,12.71,775.88M,-2.74%,-0.027143969724154473
2011-08-22,12.73,13.02,13.03,12.68,535.31M,0.12%,0.000785854657339038
2011-08-23,13.34,12.87,13.34,12.75,656.83M,4.81%,0.046805627918162514
2011-08-24,13.43,13.34,13.53,13.24,626.27M,0.69%,0.0067239700476685845
2011-08-25,13.35,13.04,13.41,13.04,871.30M,-0.65%,-0.005974625688887695
2011-08-26,13.7,13.26,13.71,13.24,641.48M,2.64%,0.02587944798782076
2011-08-29,13.93,13.86,13.98,13.86,405.25M,1.67%,0.016648954957635093
2011-08-30,13.93,13.87,13.99,13.79,417.92M,0.00%,0.0
2011-08-31,13.74,13.95,14.0,13.64,522.76M,-1.32%,-0.013733500997511047
2011-09-01,13.61,13.78,13.83,13.6,343.72M,-0.99%,-0.009506470130828618
2011-09-02,13.36,13.38,13.5,13.28,439.17M,-1.83%,-0.01853964855487501
2011-09-06,13.56,13.12,13.58,13.09,509.70M,1.52%,0.014859114403749905
2011-09-07,13.71,13.77,13.77,13.64,350.58M,1.10%,0.011001211061973583
2011-09-08,13.72,13.66,13.88,13.65,416.16M,0.05%,0.0007291287235162065
2011-09-09,13.48,13.71,13.79,13.39,565.08M,-1.73%,-0.017647516813578228
2011-09-12,13.57,13.32,13.6,13.28,467.83M,0.65%,0.006654368362616834
2011-09-13,13.74,13.65,13.79,13.58,440.74M,1.23%,0.01244981294742557
2011-09-14,13.9,13.82,14.01,13.78,534.72M,1.22%,0.011577553342442893
2011-09-15,14.03,13.98,14.06,13.92,417.82M,0.94%,0.009309053977723528
2011-09-16,14.3,14.13,14.3,14.11,698.49M,1.92%,0.019061643151492082
2011-09-19,14.7,14.18,14.76,14.11,823.86M,2.78%,0.027587956518828963
2011-09-20,14.77,14.83,15.1,14.69,775.75M,0.44%,0.004750602758597799
2011-09-21,14.72,14.99,15.06,14.71,605.98M,-0.32%,-0.003390983242558145
2011-09-22,14.35,14.32,14.64,14.17,968.48M,-2.50%,-0.025457171095100078
2011-09-23,14.44,14.3,14.53,14.28,546.48M,0.62%,0.006252191259050092
2011-09-26,14.4,14.28,14.43,13.97,812.88M,-0.28%,-0.002773926882725208
2011-09-27,14.26,14.6,14.62,14.22,632.50M,-0.97%,-0.009769791595805136
2011-09-28,14.18,14.29,14.42,14.16,429.85M,-0.56%,-0.005625893882168437
2011-09-29,13.95,14.35,14.36,13.79,651.37M,-1.62%,-0.01635301283660689
2011-09-30,13.62,13.83,13.89,13.61,548.24M,-2.37%,-0.02394020754600835
2011-10-03,13.38,13.58,13.67,13.33,669.08M,-1.76%,-0.01777824602128383
2011-10-04,13.3,13.38,13.64,12.65,1.23B,-0.56%,-0.005997019472374291
2011-10-05,13.51,13.14,13.56,12.87,786.47M,1.54%,0.015666116744399237
2011-10-06,13.48,13.33,13.74,13.28,812.58M,-0.23%,-0.002223046487946426
2011-10-07,13.21,13.42,13.49,13.16,535.62M,-2.01%,-0.020232986949927024
2011-10-10,13.89,13.54,13.89,13.51,442.51M,5.14%,0.050195038232018374
2011-10-11,14.3,14.02,14.4,13.98,605.68M,2.95%,0.029090380499609186
2011-10-12,14.36,14.55,14.62,14.29,622.28M,0.47%,0.004187026354216453
2011-10-13,14.59,14.46,14.59,14.39,426.18M,1.55%,0.015889798914616133
2011-10-14,15.07,14.89,15.07,14.83,573.37M,3.32%,0.032369650103709895
2011-10-17,15.0,15.06,15.24,14.85,686.04M,-0.48%,-0.00465581153619404
2011-10-18,15.08,15.06,15.17,14.86,881.60M,0.54%,0.005319161477600027
2011-10-19,14.24,14.33,14.59,14.21,1.10B,-5.59%,-0.05731445659598031
2011-10-20,14.12,14.29,14.3,14.08,549.53M,-0.83%,-0.008462673918733767
2011-10-21,14.03,14.22,14.25,13.96,621.24M,-0.62%,-0.006394337950726476
2011-10-24,14.49,14.15,14.52,14.12,502.36M,3.28%,0.03226086221822148
2011-10-25,14.21,14.47,14.52,14.19,430.60M,-1.97%,-0.019512814223581715
2011-10-26,14.31,14.35,14.38,14.04,456.30M,0.71%,0.007012651459350294
2011-10-27,14.45,14.56,14.61,14.35,494.85M,1.02%,0.00973582099008165
2011-10-28,14.46,14.39,14.51,14.38,322.84M,0.06%,0.0006918021721774718
2011-10-31,14.46,14.37,14.62,14.32,385.63M,-0.04%,0.0
2011-11-01,14.16,14.19,14.27,14.04,531.79M,-2.04%,-0.020965128465044964
2011-11-02,14.19,14.29,14.3,14.11,328.26M,0.23%,0.002116402906377472
2011-11-03,14.4,14.25,14.41,14.12,441.52M,1.42%,0.01469071541000381
2011-11-04,14.29,14.36,14.41,14.26,302.23M,-0.70%,-0.007668214640178982
2011-11-07,14.28,14.28,14.29,14.15,270.26M,-0.13%,-0.0007000350303376479
2011-11-08,14.51,14.36,14.57,14.34,400.44M,1.63%,0.015978109984658095
2011-11-09,14.12,14.18,14.32,14.08,558.68M,-2.70%,-0.027245834831000505
2011-11-10,13.76,14.18,14.19,13.65,744.98M,-2.55%,-0.025826399559898423
2011-11-11,13.74,13.81,13.88,13.58,653.78M,-0.16%,-0.001454545710994324
2011-11-14,13.54,13.7,13.76,13.51,433.06M,-1.39%,-0.014663019310074419
2011-11-15,13.89,13.6,13.91,13.55,430.98M,2.52%,0.0255208892821236
2011-11-16,13.74,13.9,13.97,13.73,349.21M,-1.04%,-0.01085786997204918
2011-11-17,13.48,13.71,13.73,13.41,480.12M,-1.91%,-0.019104181310042274
2011-11-18,13.39,13.53,13.57,13.39,372.08M,-0.65%,-0.006698945781079873
2011-11-21,13.18,13.23,13.27,13.07,448.20M,-1.58%,-0.015807630628719996
2011-11-22,13.45,13.25,13.5,13.25,409.30M,2.03%,0.020278576973486822
2011-11-23,13.11,13.38,13.42,13.1,428.64M,-2.53%,-0.025603808272239584
2011-11-25,12.98,13.16,13.26,12.98,254.76M,-0.93%,-0.009965586499664506
2011-11-28,13.43,13.3,13.45,13.23,346.64M,3.45%,0.034081299259202204
2011-11-29,13.33,13.42,13.53,13.22,376.03M,-0.78%,-0.0074738763445288525
2011-11-30,13.65,13.62,13.65,13.51,406.07M,2.41%,0.02372238744035147
2011-12-01,13.85,13.66,13.89,13.6,387.18M,1.50%,0.014545711002378716
2011-12-02,13.92,13.92,14.06,13.88,379.27M,0.46%,0.005041422272926153
2011-12-05,14.04,14.05,14.16,13.94,357.37M,0.85%,0.008583743691391435
2011-12-06,13.96,14.02,14.09,13.91,283.80M,-0.52%,-0.005714301263438552
2011-12-07,13.9,13.93,13.96,13.81,305.00M,-0.48%,-0.004307257197580332
2011-12-08,13.95,13.98,14.12,13.94,376.36M,0.40%,0.00359066813072854
2011-12-09,14.06,14.03,14.07,13.97,297.14M,0.76%,0.007854378115144217
2011-12-12,13.99,13.99,14.07,13.91,301.07M,-0.45%,-0.004991097705129087
2011-12-13,13.89,14.04,14.12,13.82,339.14M,-0.77%,-0.007173631911137397
2011-12-14,13.58,13.81,13.83,13.49,407.16M,-2.22%,-0.02257103463570231
2011-12-15,13.53,13.69,13.7,13.51,256.45M,-0.33%,-0.0036886799478534956
2011-12-16,13.61,13.58,13.72,13.56,421.58M,0.55%,0.0058953744806779845
2011-12-19,13.65,13.66,13.74,13.59,235.53M,0.31%,0.002934704967594022
2011-12-20,14.14,13.85,14.15,13.83,337.40M,3.59%,0.03526813883745805
2011-12-21,14.16,14.17,14.19,14.0,262.95M,0.13%,0.0014134277971469427
2011-12-22,14.23,14.18,14.25,14.15,202.36M,0.53%,0.004931323836187323
2011-12-23,14.4,14.27,14.41,14.27,269.61M,1.20%,0.011875794480193833
2011-12-27,14.52,14.4,14.61,14.39,265.23M,0.79%,0.008298802814695064
2011-12-28,14.38,14.53,14.58,14.33,228.86M,-0.96%,-0.00968865710374933
2011-12-29,14.47,14.41,14.49,14.3,216.16M,0.62%,0.006239188350491934
2011-12-30,14.46,14.41,14.51,14.41,179.78M,0.00%,-0.0006913239127738228
2012-01-03,14.69,14.62,14.73,14.61,302.26M,1.54%,0.015780773455167253
2012-01-04,14.77,14.64,14.81,14.62,260.24M,0.54%,0.0054311063575024025
2012-01-05,14.93,14.82,14.95,14.74,271.27M,1.11%,0.010774515007810508
2012-01-06,15.09,14.99,15.1,14.97,318.39M,1.05%,0.010659661228658617
2012-01-09,15.06,15.2,15.28,15.05,394.02M,-0.16%,-0.001990050408009925
2012-01-10,15.12,15.21,15.21,15.05,258.33M,0.36%,0.003976148379639417
2012-01-11,15.09,15.1,15.1,14.98,215.19M,-0.16%,-0.001986097971629403
2012-01-12,15.05,15.08,15.1,14.96,212.72M,-0.27%,-0.002654281584872717
2012-01-13,14.99,14.99,15.02,14.95,226.16M,-0.37%,-0.003994679080378403
2012-01-17,15.17,15.15,15.21,15.11,242.90M,1.16%,0.011936481245934454
2012-01-18,15.33,15.25,15.34,15.22,276.79M,1.04%,0.010491899523281797
2012-01-19,15.28,15.36,15.41,15.23,261.74M,-0.32%,-0.00326690914534838
2012-01-20,15.01,15.27,15.27,14.99,413.97M,-1.74%,-0.017828138093003872
2012-01-23,15.26,15.1,15.3,15.08,306.06M,1.69%,0.016518380210940438
2012-01-24,15.01,15.18,15.18,14.98,547.64M,-1.64%,-0.016518380210940327
2012-01-25,15.95,16.23,16.23,15.85,958.26M,6.24%,0.06074218358548306
2012-01-26,15.88,16.01,16.03,15.83,324.23M,-0.45%,-0.004398373411863781
2012-01-27,15.97,15.87,16.02,15.85,299.89M,0.60%,0.005651506407931302
2012-01-30,16.18,15.92,16.21,15.91,379.33M,1.28%,0.013063949403424431
2012-01-31,16.3,16.27,16.37,16.18,391.91M,0.77%,0.007389196182371085
2012-02-01,16.29,16.37,16.39,16.27,270.04M,-0.06%,-0.000613685198762996
2012-02-02,16.25,16.28,16.33,16.21,186.79M,-0.23%,-0.0024585138382072634
2012-02-03,16.42,16.33,16.43,16.27,286.87M,1.00%,0.010407195248535731
2012-02-06,16.57,16.37,16.61,16.36,249.68M,0.93%,0.009093727414189385
2012-02-07,16.74,16.62,16.78,16.59,316.22M,1.05%,0.010207233622857642
2012-02-08,17.02,16.8,17.03,16.77,407.88M,1.67%,0.016588058083898825
2012-02-09,17.61,17.17,17.74,17.16,884.22M,3.46%,0.03407779936288662
2012-02-10,17.62,17.53,17.77,17.45,631.30M,0.05%,0.0005676979999187895
2012-02-13,17.95,17.84,17.99,17.75,517.21M,1.86%,0.018555494426254225
2012-02-14,18.19,18.02,18.2,17.93,461.93M,1.36%,0.013281877595743114
2012-02-15,17.77,18.37,18.8,17.75,1.51B,-2.31%,-0.02336035036347107
2012-02-16,17.94,17.55,18.03,17.38,944.55M,0.91%,0.0095212144640902
2012-02-17,17.93,17.97,18.13,17.87,535.79M,0.00%,-0.0005575690136085862
2012-02-21,18.39,18.1,18.39,18.0,605.59M,2.54%,0.025331750999188284
2012-02-22,18.32,18.32,18.41,18.18,483.30M,-0.35%,-0.0038136793702455173
2012-02-23,18.44,18.4,18.49,18.2,568.03M,0.65%,0.006528858882463631
2012-02-24,18.66,18.56,18.67,18.52,415.28M,1.17%,0.011859977290750008
2012-02-27,18.78,18.62,18.87,18.44,547.58M,0.64%,0.006410278360919239
2012-02-28,19.12,18.86,19.12,18.78,600.39M,1.84%,0.017942433843138355
2012-02-29,19.37,19.34,19.56,19.13,952.00M,1.31%,0.012990569795649363
2012-03-01,19.45,19.58,19.58,19.24,683.25M,0.37%,0.0041215926455507165
2012-03-02,19.47,19.44,19.53,19.38,431.71M,0.13%,0.0010277493196530732
2012-03-05,19.04,19.48,19.55,18.79,809.12M,-2.20%,-0.0223327900208891
2012-03-06,18.94,18.7,19.06,18.44,810.24M,-0.54%,-0.005265941605286939
2012-03-07,18.95,19.17,19.21,18.69,798.52M,0.08%,0.0005278437705031224
2012-03-08,19.36,19.1,19.39,19.0,516.44M,2.13%,0.021405150319995663
2012-03-09,19.47,19.44,19.56,19.4,418.90M,0.59%,0.0056657375356773
2012-03-12,19.71,19.61,19.71,19.54,407.28M,1.25%,0.012251301780520585
2012-03-13,20.29,19.91,20.29,19.85,690.85M,2.92%,0.02900203267309443
2012-03-14,21.06,20.64,21.24,20.55,1.42B,3.78%,0.03724735286810595
2012-03-15,20.91,21.41,21.43,20.66,1.16B,-0.68%,-0.0071479932652871725
2012-03-16,20.91,20.88,21.04,20.64,825.49M,0.00%,0.0
2012-03-19,21.47,21.37,21.49,21.04,901.24M,2.65%,0.026429098450147303
2012-03-20,21.64,21.41,21.67,20.79,816.67M,0.81%,0.007886842087591286
2012-03-21,21.52,21.53,21.77,21.48,644.04M,-0.57%,-0.005560718684697177
2012-03-22,21.4,21.35,21.59,21.27,624.13M,-0.52%,-0.0055918132657779415
2012-03-23,21.29,21.45,21.49,21.23,430.49M,-0.55%,-0.005153443122417646
2012-03-26,21.68,21.42,21.68,21.26,595.74M,1.83%,0.01815269766605734
2012-03-27,21.95,21.65,22.01,21.64,607.13M,1.24%,0.012376962949734976
2012-03-28,22.06,22.08,22.19,21.8,655.46M,0.51%,0.004998874304176117
2012-03-29,21.78,21.88,22.02,21.69,608.24M,-1.26%,-0.012773896320541838
2012-03-30,21.41,21.74,21.81,21.35,731.04M,-1.69%,-0.017134014903223065
2012-04-02,22.09,21.49,22.1,21.44,598.35M,3.18%,0.0312669148304344
2012-04-03,22.48,22.4,22.58,22.23,834.55M,1.73%,0.01750100759346456
2012-04-04,22.3,22.3,22.35,22.04,572.98M,-0.80%,-0.008039346559417253
2012-04-05,22.63,22.39,22.67,22.26,641.28M,1.50%,0.014689781179372778
2012-04-09,22.72,22.36,22.85,22.33,597.54M,0.40%,0.003969134207504481
2012-04-10,22.44,22.85,23.0,22.36,889.69M,-1.22%,-0.012400513198454961
2012-04-11,22.36,22.72,22.75,22.26,696.61M,-0.36%,-0.0035714323675972446
2012-04-12,22.24,22.32,22.55,22.16,614.33M,-0.55%,-0.0053811789045168186
2012-04-13,21.62,22.29,22.31,21.55,859.65M,-2.82%,-0.028273657171319345
2012-04-16,20.72,21.79,21.8,20.65,1.05B,-4.15%,-0.042519394819780065
2012-04-17,21.77,20.68,21.79,20.43,1.03B,5.10%,0.049433457855173744
2012-04-18,21.73,21.92,22.15,21.53,954.53M,-0.22%,-0.0018390809781177512
2012-04-19,20.98,21.44,21.6,20.88,834.71M,-3.44%,-0.035124191300187145
2012-04-20,20.46,21.12,21.24,20.37,1.03B,-2.46%,-0.02509784244467069
2012-04-23,20.42,20.38,20.6,19.88,966.52M,-0.22%,-0.001956947786960924
2012-04-24,20.01,20.09,20.27,19.82,1.08B,-2.00%,-0.02028266414087745
2012-04-25,21.79,21.99,22.07,21.64,905.71M,8.87%,0.0852190003608864
2012-04-26,21.7,21.94,21.95,21.5,536.07M,-0.38%,-0.0041388884101146405
2012-04-27,21.54,21.61,21.65,21.45,406.77M,-0.77%,-0.0074005888181713966
2012-04-30,20.86,21.35,21.37,20.82,506.14M,-3.15%,-0.03207822215561612
2012-05-01,20.79,20.89,21.31,20.76,611.00M,-0.32%,-0.003361347702704883
2012-05-02,20.93,20.72,20.98,20.67,427.62M,0.66%,0.006711434587986778
2012-05-03,20.78,21.09,21.12,20.72,390.55M,-0.71%,-0.007192550786827009
2012-05-04,20.19,20.61,20.66,20.18,529.99M,-2.85%,-0.028803553346335158
2012-05-07,20.34,20.05,20.46,20.04,460.29M,0.75%,0.007401958295667739
2012-05-08,20.29,20.34,20.41,19.95,497.25M,-0.23%,-0.002461236782690571
2012-05-09,20.33,20.13,20.5,20.03,480.70M,0.18%,0.0019694738025317405
2012-05-10,20.38,20.52,20.57,20.3,333.27M,0.24%,0.0024564001543234725
2012-05-11,20.24,20.18,20.52,20.16,399.55M,-0.67%,-0.006893183375313989
2012-05-14,19.94,20.09,20.27,19.91,352.62M,-1.50%,-0.014933079885572437
2012-05-15,19.76,20.05,20.11,19.71,476.31M,-0.90%,-0.009068072213970517
2012-05-16,19.5,19.79,19.89,19.32,560.90M,-1.28%,-0.01324522675002068
2012-05-17,18.93,19.48,19.55,18.93,717.22M,-2.92%,-0.02966650034846969
2012-05-18,18.94,19.07,19.41,18.65,732.29M,0.05%,0.0005281225367007637
2012-05-21,20.05,19.09,20.05,19.07,631.09M,5.83%,0.05695306599464594
2012-05-22,19.89,20.34,20.5,19.73,694.79M,-0.77%,-0.008012060886697397
2012-05-23,20.38,19.91,20.46,19.76,584.90M,2.44%,0.02433693492869784
2012-05-24,20.19,20.57,20.59,20.04,496.20M,-0.92%,-0.009366595469832506
2012-05-25,20.08,20.16,20.21,19.95,328.47M,-0.54%,-0.005463137501217886
2012-05-29,20.44,20.39,20.5,20.19,380.51M,1.77%,0.01776947051197544
2012-05-30,20.68,20.33,20.71,20.23,529.42M,1.21%,0.011673284304724587
2012-05-31,20.63,20.74,20.77,20.41,491.91M,-0.25%,-0.002420722557067953
2012-06-01,20.04,20.33,20.45,20.02,520.98M,-2.90%,-0.029016050866496362
2012-06-04,20.15,20.05,20.27,19.59,556.99M,0.59%,0.005474012176027807
2012-06-05,20.1,20.05,20.23,19.94,388.21M,-0.26%,-0.0024844733276618335
2012-06-06,20.41,20.28,20.49,20.2,401.45M,1.53%,0.015305161756723279
2012-06-07,20.42,20.62,20.62,20.37,379.97M,0.05%,0.0004898359147660373
2012-06-08,20.73,20.41,20.74,20.32,347.49M,1.50%,0.015067113711168558
2012-06-11,20.4,20.99,21.02,20.38,591.26M,-1.58%,-0.01604702559751756
2012-06-12,20.58,20.52,20.59,20.24,435.58M,0.87%,0.008784829555732811
2012-06-13,20.43,20.52,20.66,20.37,293.77M,-0.69%,-0.00731532157637277
2012-06-14,20.41,20.4,20.48,20.26,345.84M,-0.11%,-0.000979432007777235
2012-06-15,20.5,20.39,20.52,20.34,335.25M,0.45%,0.004399909322608983
2012-06-18,20.92,20.39,21.0,20.37,440.41M,2.03%,0.020280753052359674
2012-06-19,20.98,20.84,21.07,20.82,361.40M,0.28%,0.0028639637714289396
2012-06-20,20.92,21.01,21.04,20.74,359.16M,-0.28%,-0.0028639637714288615
2012-06-21,20.63,20.91,21.01,20.62,326.51M,-1.38%,-0.013959312113561797
2012-06-22,20.79,20.68,20.79,20.55,284.75M,0.77%,0.007725774786761141
2012-06-25,20.38,20.62,20.71,20.37,304.35M,-1.95%,-0.019918074075342775
2012-06-26,20.43,20.4,20.52,20.26,276.75M,0.22%,0.0024503810349520085
2012-06-27,20.52,20.54,20.6,20.43,203.06M,0.43%,0.004395611473038129
2012-06-28,20.32,20.42,20.5,20.2,283.04M,-0.95%,-0.009794397592287585
2012-06-29,20.86,20.64,20.86,20.51,421.44M,2.63%,0.026227826862345198
2012-07-02,21.16,20.88,21.2,20.84,400.09M,1.46%,0.01427915741747224
2012-07-03,21.41,21.25,21.43,21.21,241.71M,1.16%,0.011745495611492743
2012-07-05,21.78,21.45,21.94,21.42,484.38M,1.76%,0.017134014903222954
2012-07-06,21.64,21.68,21.73,21.48,419.03M,-0.67%,-0.00644866352653363
2012-07-09,21.92,21.62,21.92,21.58,379.40M,1.32%,0.012856008101533955
2012-07-10,21.72,22.07,22.14,21.62,511.96M,-0.93%,-0.009165967014080281
2012-07-11,21.59,21.65,21.7,21.33,469.32M,-0.62%,-0.006003250539018605
2012-07-12,21.39,21.44,21.55,21.17,427.99M,-0.91%,-0.009306721432401669
2012-07-13,21.61,21.53,21.69,21.43,311.62M,1.01%,0.010232647424480329
2012-07-16,21.68,21.61,21.84,21.61,301.31M,0.32%,0.00323400605265081
2012-07-17,21.68,21.81,21.84,21.54,293.81M,0.00%,0.0
2012-07-18,21.65,21.66,21.73,21.56,252.70M,-0.11%,-0.0013847221229466161
2012-07-19,21.94,21.83,21.98,21.64,436.86M,1.33%,0.013306000398585476
2012-07-20,21.58,21.89,21.94,21.56,397.47M,-1.63%,-0.016544495017095776
2012-07-23,21.57,21.23,21.64,20.99,487.98M,-0.08%,-0.0004634994289234495
2012-07-24,21.46,21.69,21.77,21.38,565.13M,-0.48%,-0.005112723198512529
2012-07-25,20.53,20.52,20.74,20.36,877.26M,-4.32%,-0.04430350617171023
2012-07-26,20.53,20.71,20.73,20.37,406.81M,0.00%,0.0
2012-07-27,20.9,20.54,20.92,20.41,404.05M,1.79%,0.01786192793992299
2012-07-30,21.25,21.1,21.41,20.99,379.14M,1.69%,0.016607736399660546
2012-07-31,21.81,21.54,21.85,21.53,462.33M,2.64%,0.026011684843111737
2012-08-01,21.67,22.0,22.01,21.54,384.50M,-0.65%,-0.006439764665269892
2012-08-02,21.71,21.53,21.81,21.44,332.25M,0.16%,0.0018441683419326569
2012-08-03,21.99,21.92,22.07,21.84,344.91M,1.30%,0.012814820676469323
2012-08-06,22.23,22.05,22.32,21.97,302.32M,1.11%,0.010854923409435465
2012-08-07,22.18,22.24,22.32,22.07,290.51M,-0.26%,-0.0022517460538842558
2012-08-08,22.14,22.12,22.28,22.04,244.70M,-0.17%,-0.0018050546417301423
2012-08-09,22.17,22.07,22.2,22.06,221.81M,0.14%,0.0013540963477292301
2012-08-10,22.2,22.1,22.21,22.1,195.06M,0.16%,0.0013522652500135325
2012-08-13,22.5,22.26,22.5,22.26,278.83M,1.34%,0.01342302033214077
2012-08-14,22.56,22.57,22.81,22.51,340.17M,0.27%,0.0026631174194836284
2012-08-15,22.53,22.55,22.64,22.42,257.51M,-0.14%,-0.00133067218570495
2012-08-16,22.73,22.54,22.74,22.52,254.78M,0.87%,0.008837883420298792
2012-08-17,23.15,22.86,23.15,22.81,442.76M,1.85%,0.018309142667791198
2012-08-20,23.76,23.21,23.76,23.21,613.38M,2.63%,0.02600871396220114
2012-08-21,23.43,23.96,24.1,23.23,812.71M,-1.37%,-0.013986241974739952
2012-08-22,23.89,23.37,23.89,23.15,565.32M,1.95%,0.019442708818014017
2012-08-23,23.67,23.79,23.92,23.61,420.12M,-0.93%,-0.009251537811825531
2012-08-24,23.69,23.55,23.91,23.41,437.34M,0.09%,0.0008445946448014116
2012-08-27,24.13,24.29,24.32,24.05,426.91M,1.88%,0.018402861466246225
2012-08-28,24.1,24.11,24.15,23.95,267.38M,-0.13%,-0.0012440391403309226
2012-08-29,24.05,24.12,24.2,24.02,202.80M,-0.20%,-0.002076843944839117
2012-08-30,23.71,23.95,23.98,23.67,302.69M,-1.43%,-0.014238096474456076
2012-08-31,23.76,23.83,23.88,23.47,338.32M,0.21%,0.002106594417130178
2012-09-04,24.11,23.78,24.11,23.73,367.89M,1.46%,0.014623197698635479
2012-09-05,23.94,24.13,24.16,23.91,336.36M,-0.70%,-0.007075992063252523
2012-09-06,24.15,24.04,24.22,23.96,391.38M,0.90%,0.008733679968754411
2012-09-07,24.3,24.22,24.37,24.13,329.66M,0.62%,0.006191970247921201
2012-09-10,23.67,24.3,24.4,23.65,488.00M,-2.60%,-0.026267926820610188
2012-09-11,23.59,23.75,23.93,23.45,503.94M,-0.32%,-0.0033855301063089953
2012-09-12,23.92,23.82,23.92,23.43,712.22M,1.39%,0.013892035662847474
2012-09-13,24.39,24.19,24.48,24.1,598.36M,1.97%,0.019458283145397888
2012-09-14,24.69,24.64,24.89,24.57,600.47M,1.22%,0.012225091129259276
2012-09-17,24.99,24.98,24.99,24.81,398.03M,1.23%,0.012077441489772705
2012-09-18,25.07,25.0,25.08,24.87,373.50M,0.30%,0.003196167323341156
2012-09-19,25.07,25.01,25.14,24.98,326.86M,0.03%,0.0
2012-09-20,24.95,24.97,25.0,24.77,336.57M,-0.48%,-0.004798089972674414
2012-09-21,25.0,25.09,25.18,24.98,571.59M,0.20%,0.0020020026706731903
2012-09-24,24.67,24.53,24.83,24.39,639.75M,-1.33%,-0.013287894326935296
2012-09-25,24.05,24.58,24.74,24.04,518.76M,-2.50%,-0.02545293398949517
2012-09-26,23.76,23.88,24.02,23.61,576.70M,-1.24%,-0.012131502057325954
2012-09-27,24.33,23.72,24.36,23.58,594.09M,2.43%,0.023706662300986864
2012-09-28,23.83,24.24,24.33,23.81,535.11M,-2.09%,-0.02076486568478047
2012-10-01,23.55,23.97,24.17,23.45,543.58M,-1.16%,-0.011819470648223874
2012-10-02,23.62,23.64,23.8,23.24,627.99M,0.29%,0.0029679903067894903
2012-10-03,23.98,23.74,23.99,23.67,424.28M,1.53%,0.015126338830151957
2012-10-04,23.81,23.97,24.08,23.77,370.76M,-0.69%,-0.007114489100596893
2012-10-05,23.31,23.76,23.79,23.26,594.01M,-2.13%,-0.02122320745110567
2012-10-08,22.79,23.1,23.13,22.72,637.98M,-2.21%,-0.02256060979007288
2012-10-09,22.71,22.81,22.87,22.27,838.60M,-0.36%,-0.0035164871401257374
2012-10-10,22.89,22.85,23.03,22.75,510.36M,0.80%,0.007894777847008283
2012-10-11,22.43,23.09,23.11,22.43,546.08M,-2.00%,-0.020300785432358377
2012-10-12,22.49,22.48,22.69,22.33,460.02M,0.26%,0.002671417439107281
2012-10-15,22.67,22.58,22.68,22.28,432.50M,0.80%,0.007971698548213554
2012-10-16,23.21,22.69,23.22,22.54,549.77M,2.37%,0.02354075576690809
2012-10-17,23.02,23.17,23.31,23.0,389.31M,-0.80%,-0.00821981699260909
2012-10-18,22.59,22.84,22.93,22.5,476.62M,-1.86%,-0.018856072813824697
2012-10-19,21.78,22.54,22.56,21.77,744.08M,-3.60%,-0.03651521297509745
2012-10-22,22.64,21.87,22.69,21.81,546.73M,3.97%,0.03872613583016776
2012-10-23,21.91,22.54,22.64,21.85,707.15M,-3.26%,-0.03277509972760704
2012-10-24,22.03,22.19,22.38,21.81,558.53M,0.57%,0.005462007206876641
2012-10-25,21.77,22.14,22.21,21.63,656.33M,-1.18%,-0.011872285567795793
2012-10-26,21.57,21.77,21.93,21.11,1.02B,-0.91%,-0.009229414845391032
2012-10-31,21.26,21.25,21.5,20.99,510.00M,-1.44%,-0.014476087487263086
2012-11-01,21.3,21.36,21.54,21.22,361.45M,0.20%,0.0018796998015774722
2012-11-02,20.6,21.28,21.32,20.53,599.37M,-3.31%,-0.03341599691984395
2012-11-05,20.88,20.84,20.99,20.63,529.29M,1.36%,0.013500687218902524
2012-11-06,20.82,21.08,21.1,20.72,374.92M,-0.30%,-0.002877699827615058
2012-11-07,19.93,20.49,20.52,19.85,793.65M,-4.26%,-0.04368792896211948
2012-11-08,19.21,20.02,20.08,19.12,1.06B,-3.63%,-0.03679515744423801
2012-11-09,19.54,19.3,19.82,19.06,929.91M,1.73%,0.017032669834171413
2012-11-12,19.39,19.79,19.8,19.24,515.80M,-0.77%,-0.00770617736007621
2012-11-13,19.39,19.25,19.66,19.16,533.21M,0.00%,0.0
2012-11-14,19.17,19.48,19.55,19.15,477.17M,-1.11%,-0.01141091219700728
2012-11-15,18.77,19.2,19.27,18.66,789.91M,-2.10%,-0.021086706459135796
2012-11-16,18.85,18.76,18.93,18.06,1.27B,0.39%,0.004253063295602473
2012-11-19,20.2,19.31,20.27,19.28,823.17M,7.21%,0.06916969051313918
2012-11-20,20.03,20.43,20.43,19.81,642.75M,-0.85%,-0.008451454729432087
2012-11-21,20.06,20.15,20.26,19.88,373.23M,0.14%,0.001496632856062459
2012-11-23,20.41,20.26,20.43,20.09,272.83M,1.74%,0.01729719428796396
2012-11-26,21.05,20.57,21.07,20.49,630.58M,3.15%,0.030875583306637026
2012-11-27,20.88,21.06,21.09,20.72,533.31M,-0.81%,-0.008108797113952503
2012-11-28,20.82,20.62,20.92,20.44,521.06M,-0.31%,-0.002877699827615058
2012-11-29,21.05,21.08,21.22,20.9,514.70M,1.10%,0.010986496941567607
2012-11-30,20.9,20.96,21.01,20.81,391.30M,-0.69%,-0.00715140115762524
2012-12-03,20.94,21.2,21.24,20.91,364.28M,0.16%,0.0019120464716256631
2012-12-04,20.57,20.78,20.78,20.43,557.93M,-1.76%,-0.017827501777525036
2012-12-05,19.24,20.32,20.33,19.24,1.04B,-6.43%,-0.06684225842730551
2012-12-06,19.54,18.89,19.76,18.52,1.18B,1.57%,0.015472201377076278
2012-12-07,19.04,19.76,19.83,18.93,787.77M,-2.56%,-0.025921617251417384
2012-12-10,18.92,18.75,19.23,18.63,630.48M,-0.64%,-0.0063224657394869025
2012-12-11,19.34,19.28,19.63,19.19,592.34M,2.18%,0.02195592640141597
2012-12-12,19.25,19.56,19.57,19.15,487.13M,-0.44%,-0.004664429291355043
2012-12-13,18.92,18.97,19.2,18.78,625.26M,-1.73%,-0.017291497110060883
2012-12-14,18.21,18.38,18.5,18.06,1.01B,-3.76%,-0.03824866988421567
2012-12-17,18.53,18.18,18.57,17.9,758.94M,1.77%,0.017420146557751894
2012-12-18,19.07,18.75,19.1,18.58,625.67M,2.90%,0.02872537931505927
2012-12-19,18.8,18.98,19.06,18.77,449.36M,-1.42%,-0.0142595497764241
2012-12-20,18.63,18.93,18.94,18.53,481.69M,-0.87%,-0.009083685222406572
2012-12-21,18.55,18.3,18.56,18.22,596.52M,-0.46%,-0.00430339556005285
2012-12-24,18.58,18.58,18.72,18.53,175.75M,0.16%,0.0016159443322481858
2012-12-26,18.32,18.54,18.55,18.25,302.44M,-1.38%,-0.014092374139708104
2012-12-27,18.39,18.34,18.44,18.02,455.12M,0.40%,0.0038136793702454263
2012-12-28,18.2,18.22,18.37,18.15,354.28M,-1.06%,-0.010385444533480129
2012-12-31,19.01,18.23,19.12,18.18,659.49M,4.43%,0.04354356241758819
2013-01-02,19.61,19.78,19.82,19.34,560.50M,3.17%,0.03107448370791694
2013-01-03,19.36,19.57,19.63,19.32,352.96M,-1.26%,-0.012830558359823987
2013-01-04,18.82,19.18,19.24,18.78,594.33M,-2.78%,-0.028288947691197313
2013-01-07,18.71,18.64,18.9,18.4,484.15M,-0.59%,-0.005861993871235252
2013-01-08,18.76,18.9,19.0,18.62,458.71M,0.27%,0.0026688032920803954
2013-01-09,18.47,18.66,18.75,18.43,407.60M,-1.56%,-0.015579149366930221
2013-01-10,18.7,18.88,18.88,18.41,601.14M,1.24%,0.01237572964939248
2013-01-11,18.58,18.61,18.76,18.54,350.76M,-0.61%,-0.00643779047484853
2013-01-14,17.92,17.95,18.12,17.8,734.18M,-3.57%,-0.0361683258389079
2013-01-15,17.35,17.8,17.82,17.26,876.77M,-3.15%,-0.032324901153916195
2013-01-16,18.07,17.67,18.19,17.59,690.80M,4.15%,0.04066059821126877
2013-01-17,17.95,18.23,18.24,17.93,453.65M,-0.67%,-0.006662989669849255
2013-01-18,17.86,17.8,17.94,17.73,473.15M,-0.53%,-0.005026539485934904
2013-01-22,18.03,18.02,18.14,17.74,461.55M,0.95%,0.009473461766873047
2013-01-23,18.36,18.17,18.39,18.03,861.50M,1.83%,0.018137347977118485
2013-01-24,16.09,16.43,16.63,16.08,1.46B,-12.35%,-0.13197642418805253
2013-01-25,15.71,16.13,16.29,15.54,1.21B,-2.36%,-0.02390050873676196
2013-01-28,16.07,15.64,16.19,15.57,785.52M,2.26%,0.022656727481891462
2013-01-29,16.37,16.37,16.44,16.15,571.07M,1.88%,0.018496211633622396
2013-01-30,16.32,16.32,16.52,16.23,417.15M,-0.31%,-0.0030590418470826217
2013-01-31,16.27,16.32,16.4,16.25,319.33M,-0.29%,-0.003068428305014509
2013-02-01,16.2,16.4,16.41,16.01,539.47M,-0.41%,-0.004311678992608016
2013-02-04,15.8,16.21,16.28,15.79,477.12M,-2.49%,-0.025001302205417155
2013-02-05,16.35,15.86,16.42,15.79,573.35M,3.51%,0.034217957310341246
2013-02-06,16.33,16.3,16.66,16.16,593.70M,-0.11%,-0.0012239903608888395
2013-02-07,16.72,16.54,16.79,16.22,704.58M,2.38%,0.023601700674181797
2013-02-08,16.96,16.93,17.1,16.72,633.16M,1.44%,0.014252022707201632
2013-02-11,17.14,17.02,17.32,16.9,517.43M,1.04%,0.010557282805876783
2013-02-12,16.71,17.13,17.23,16.71,609.05M,-2.51%,-0.025407570562331394
2013-02-13,16.68,16.69,16.92,16.54,475.21M,-0.19%,-0.0017969456767017416
2013-02-14,16.66,16.59,16.84,16.57,355.51M,-0.09%,-0.0011997601919040602
2013-02-15,16.43,16.74,16.79,16.43,391.93M,-1.38%,-0.013901704689519902
2013-02-19,16.43,16.47,16.53,16.21,435.78M,-0.04%,0.0
2013-02-20,16.03,16.35,16.35,16.03,476.30M,-2.42%,-0.02464696542771503
2013-02-21,15.93,15.93,16.04,15.81,447.18M,-0.62%,-0.006257842699504539
2013-02-22,16.1,16.04,16.13,15.95,330.65M,1.06%,0.010615148068460265
2013-02-25,15.81,16.21,16.25,15.81,372.58M,-1.78%,-0.018176620769036686
2013-02-26,16.03,15.85,16.13,15.63,501.50M,1.39%,0.013819315400080936
2013-02-27,15.88,16.02,16.16,15.74,587.35M,-0.98%,-0.009401510802471976
2013-02-28,15.76,15.86,16.0,15.76,322.52M,-0.71%,-0.007585371389256612
2013-03-01,15.37,15.64,15.65,15.36,552.45M,-2.48%,-0.025057526879228634
2013-03-04,15.0,15.28,15.29,14.96,582.74M,-2.42%,-0.024367356448294412
2013-03-05,15.4,15.05,15.54,15.03,638.43M,2.64%,0.026317308317373358
2013-03-06,15.2,15.52,15.54,15.16,460.25M,-1.27%,-0.013072081567352888
2013-03-07,15.38,15.16,15.43,15.04,468.47M,1.16%,0.011772536225267412
2013-03-08,15.42,15.35,15.55,15.31,391.60M,0.26%,0.002597404057685471
2013-03-11,15.64,15.35,15.68,15.18,474.23M,1.42%,0.014166366981981541
2013-03-12,15.3,15.56,15.67,15.27,465.91M,-2.16%,-0.02197890671877523
2013-03-13,15.3,15.3,15.52,15.19,405.82M,0.00%,0.0
2013-03-14,15.45,15.46,15.52,15.37,303.88M,0.97%,0.009756174945364656
2013-03-15,15.84,15.64,15.87,15.62,643.96M,2.58%,0.02492938304252536
2013-03-18,16.28,15.77,16.34,15.76,606.20M,2.72%,0.02739897418811456
2013-03-19,16.23,16.41,16.46,16.02,526.77M,-0.27%,-0.0030759790478944336
2013-03-20,16.15,16.34,16.34,16.06,308.66M,-0.53%,-0.004941331857834435
2013-03-21,16.17,16.08,16.36,16.07,383.25M,0.14%,0.0012376239203500782
2013-03-22,16.5,16.23,16.5,16.18,395.10M,2.03%,0.020202707317519254
2013-03-25,16.56,16.6,16.78,16.49,501.13M,0.36%,0.003629768050578731
2013-03-26,16.47,16.62,16.64,16.45,294.29M,-0.53%,-0.005449604767564703
2013-03-27,16.15,16.3,16.31,16.1,331.41M,-1.96%,-0.019620494520883457
2013-03-28,15.81,16.06,16.14,15.77,442.98M,-2.08%,-0.021277398447284736
2013-04-01,15.32,15.78,15.85,15.28,389.73M,-3.11%,-0.03148348690893542
2013-04-02,15.35,15.27,15.65,15.23,529.77M,0.21%,0.0019563097207609013
2013-04-03,15.43,15.41,15.62,15.37,363.22M,0.51%,0.005198192341863225
2013-04-04,15.28,15.49,15.54,15.19,358.66M,-0.99%,-0.00976888263669505
2013-04-05,15.11,15.16,15.18,14.99,383.69M,-1.06%,-0.011188007453726265
2013-04-08,15.22,15.17,15.27,15.09,301.06M,0.71%,0.00725357614889158
2013-04-09,15.25,15.23,15.3,15.1,306.75M,0.18%,0.001969150619880896
2013-04-10,15.56,15.29,15.61,15.21,375.93M,2.04%,0.02012401569682497
2013-04-11,15.51,15.49,15.64,15.4,328.62M,-0.31%,-0.0032185415617980934
2013-04-12,15.35,15.51,15.51,15.32,238.73M,-1.04%,-0.01036950315524134
2013-04-15,14.99,15.25,15.28,14.98,317.52M,-2.32%,-0.023732161918699767
2013-04-16,15.22,15.06,15.24,15.02,305.77M,1.52%,0.015227040319033571
2013-04-17,14.39,15.01,15.02,14.22,945.05M,-5.50%,-0.05607683153426336
2013-04-18,14.0,14.46,14.49,13.92,666.30M,-2.67%,-0.027476191284017834
2013-04-19,13.95,13.86,14.27,13.75,609.27M,-0.39%,-0.003577821347884078
2013-04-22,14.24,14.02,14.36,13.97,429.92M,2.08%,0.020575397716455113
2013-04-23,14.5,14.43,14.59,14.24,664.24M,1.87%,0.01809374344269908
2013-04-24,14.48,14.05,14.83,14.02,969.83M,-0.16%,-0.0013802624689583467
2013-04-25,14.58,14.69,14.78,14.54,384.84M,0.72%,0.006882339622941738
2013-04-26,14.9,14.64,14.96,14.58,764.28M,2.16%,0.021710486370901342
2013-04-29,15.36,15.02,15.49,15.0,640.33M,3.10%,0.030405514768112544
2013-04-30,15.81,15.54,15.9,15.43,691.54M,2.94%,0.028875923501854542
2013-05-01,15.69,15.87,15.89,15.51,507.16M,-0.79%,-0.007619084476439517
2013-05-02,15.91,15.78,16.02,15.74,422.03M,1.42%,0.013924275604754371
2013-05-03,16.07,16.12,16.19,16.04,361.53M,1.00%,0.01000633739972576
2013-05-06,16.45,16.28,16.51,16.23,496.64M,2.38%,0.02337129746195971
2013-05-07,16.38,16.61,16.63,16.2,483.75M,-0.45%,-0.00426439878645754
2013-05-08,16.57,16.39,16.62,16.28,472.60M,1.13%,0.011532753013548357
2013-05-09,16.31,16.42,16.54,16.27,398.75M,-1.52%,-0.015815414805549155
2013-05-10,16.18,16.36,16.42,16.09,334.85M,-0.83%,-0.008002505002576842
2013-05-13,16.24,16.13,16.35,16.12,317.11M,0.39%,0.003701423103186184
2013-05-14,15.85,16.21,16.26,15.79,447.12M,-2.39%,-0.024307834410242226
2013-05-15,15.32,15.68,15.75,15.08,741.61M,-3.38%,-0.0340103360108443
2013-05-16,15.52,15.12,15.64,14.96,603.47M,1.34%,0.012970350442627405
2013-05-17,15.47,15.68,15.72,15.39,428.08M,-0.30%,-0.0032268501700978155
2013-05-20,15.82,15.43,15.92,15.36,451.58M,2.23%,0.022372297754532984
2013-05-21,15.7,15.65,15.91,15.51,456.30M,-0.74%,-0.007614249985245517
2013-05-22,15.76,15.86,16.01,15.65,443.26M,0.39%,0.0038143720754706925
2013-05-23,15.79,15.57,15.93,15.56,353.38M,0.18%,0.0019017438378177028
2013-05-24,15.9,15.74,15.92,15.73,276.43M,0.68%,0.0069422809586351135
2013-05-28,15.77,16.07,16.11,15.74,386.15M,-0.83%,-0.008209708251238824
2013-05-29,15.89,15.71,15.98,15.69,330.78M,0.80%,0.007580579573677737
2013-05-30,16.13,15.92,16.23,15.88,353.71M,1.49%,0.014990911588492715
2013-05-31,16.06,16.16,16.32,16.05,384.30M,-0.41%,-0.004349183618501878
2013-06-03,16.1,16.1,16.16,15.8,372.35M,0.22%,0.0024875634718019286
2013-06-04,16.05,16.19,16.23,15.98,292.73M,-0.31%,-0.0031104224143925024
2013-06-05,15.9,15.92,16.1,15.85,290.59M,-0.93%,-0.009389740349839032
2013-06-06,15.66,15.91,15.96,15.5,417.07M,-1.49%,-0.015209418663528795
2013-06-07,15.78,15.59,15.83,15.46,404.74M,0.76%,0.007633624855070985
2013-06-10,15.67,15.88,16.04,15.6,450.36M,-0.66%,-0.006995259049798653
2013-06-11,15.63,15.56,15.81,15.48,286.38M,-0.29%,-0.002555911934544206
2013-06-12,15.44,15.7,15.76,15.41,265.43M,-1.24%,-0.012230599836755247
2013-06-13,15.57,15.45,15.61,15.31,286.11M,0.87%,0.00838444124927688
2013-06-14,15.36,15.55,15.58,15.3,272.08M,-1.36%,-0.013579258126380866
2013-06-17,15.43,15.41,15.56,15.37,259.44M,0.45%,0.004546938655543437
2013-06-18,15.42,15.41,15.53,15.36,195.16M,-0.05%,-0.0006482982398860706
2013-06-19,15.11,15.41,15.42,15.11,311.03M,-2.03%,-0.02030859185053527
2013-06-20,14.89,14.97,15.21,14.83,357.50M,-1.46%,-0.01466692958873048
2013-06-21,14.77,14.95,15.0,14.57,481.25M,-0.80%,-0.00809175015262928
2013-06-24,14.38,14.55,14.59,14.22,480.75M,-2.65%,-0.02675974425038769
2013-06-25,14.38,14.49,14.56,14.24,314.34M,0.00%,0.0
2013-06-26,14.22,14.42,14.46,14.13,367.95M,-1.13%,-0.011188927917805852
2013-06-27,14.06,14.26,14.34,14.05,337.40M,-1.08%,-0.011315537992575984
2013-06-28,14.16,13.98,14.3,13.89,578.64M,0.70%,0.007087201883054831
2013-07-01,14.61,14.38,14.72,14.33,391.17M,3.20%,0.03128513749703444
2013-07-02,14.95,14.64,15.06,14.62,470.09M,2.27%,0.023005074074087258
2013-07-03,15.03,15.03,15.11,14.91,240.93M,0.55%,0.005336903928187641
2013-07-05,14.91,15.01,15.12,14.83,274.08M,-0.80%,-0.00801607498823606
2013-07-08,14.82,15.0,15.04,14.67,298.31M,-0.57%,-0.0060545089087062605
2013-07-09,15.08,14.77,15.12,14.66,352.69M,1.76%,0.01739174271186924
2013-07-10,15.03,14.99,15.17,14.94,281.40M,-0.38%,-0.00332115881492698
2013-07-11,15.26,15.11,15.29,15.04,326.48M,1.56%,0.015186822091427786
2013-07-12,15.23,15.27,15.35,15.12,279.64M,-0.18%,-0.0019678589492404287
2013-07-15,15.27,15.18,15.41,15.17,242.17M,0.22%,0.002622952323470649
2013-07-16,15.36,15.23,15.38,15.15,216.54M,0.64%,0.005876608488984971
2013-07-17,15.37,15.35,15.44,15.29,199.06M,0.00%,0.0006508298309784591
2013-07-18,15.42,15.48,15.53,15.38,219.04M,0.34%,0.003247810584679082
2013-07-19,15.18,15.47,15.5,15.16,268.78M,-1.58%,-0.01568659616769962
2013-07-22,15.23,15.34,15.35,15.2,207.99M,0.32%,0.00328839493958663
2013-07-23,14.96,15.21,15.25,14.95,369.39M,-1.72%,-0.017887194360739267
2013-07-24,15.73,15.68,15.88,15.54,592.06M,5.14%,0.05018974452385531
2013-07-25,15.66,15.74,15.76,15.56,229.68M,-0.46%,-0.0044600265075294245
2013-07-26,15.75,15.55,15.75,15.51,200.28M,0.57%,0.0057306747089850745
2013-07-29,15.99,15.74,16.07,15.72,248.44M,1.54%,0.015123161574220828
2013-07-30,16.19,16.07,16.33,16.04,309.42M,1.23%,0.012430240843680882
2013-07-31,16.16,16.25,16.33,16.05,322.96M,-0.17%,-0.0018547145965944695
2013-08-01,16.31,16.28,16.31,16.19,206.25M,0.92%,0.009239363539973025
2013-08-02,16.52,16.36,16.53,16.31,274.78M,1.28%,0.012793351459909542
2013-08-05,16.77,16.6,16.81,16.51,318.85M,1.49%,0.015019807742285467
2013-08-06,16.62,16.71,16.85,16.51,334.91M,-0.89%,-0.008984786407815297
2013-08-07,16.61,16.56,16.68,16.49,298.86M,-0.06%,-0.0006018658020986734
2013-08-08,16.46,16.57,16.57,16.36,256.00M,-0.85%,-0.009071728376279635
2013-08-09,16.23,16.38,16.44,16.2,267.62M,-1.42%,-0.014071813722423984
2013-08-12,16.69,16.32,16.74,16.31,364.43M,2.84%,0.027948356147243926
2013-08-13,17.48,16.82,17.67,16.72,881.94M,4.75%,0.046247632553645585
2013-08-14,17.8,17.78,18.01,17.62,756.37M,1.82%,0.018141087070650003
2013-08-15,17.78,17.73,17.94,17.47,490.29M,-0.12%,-0.0011242272122808802
2013-08-16,17.94,17.86,17.96,17.82,362.30M,0.89%,0.008958626544891492
2013-08-19,18.13,18.01,18.35,18.0,510.52M,1.08%,0.010535168136109437
2013-08-20,17.9,18.2,18.23,17.89,358.69M,-1.31%,-0.012767311920050413
2013-08-21,17.94,17.99,18.11,17.9,335.88M,0.26%,0.002232143783940856
2013-08-22,17.96,18.03,18.06,17.79,244.21M,0.12%,0.0011142062434035577
2013-08-23,17.89,17.97,17.98,17.83,222.73M,-0.39%,-0.003905165353425794
2013-08-26,17.96,17.88,18.22,17.87,330.96M,0.39%,0.003905165353425681
2013-08-27,17.45,17.79,17.95,17.37,424.19M,-2.86%,-0.028807414225617427
2013-08-28,17.53,17.36,17.71,17.36,307.61M,0.47%,0.0045740502847069955
2013-08-29,17.56,17.56,17.73,17.54,239.66M,0.16%,0.0017098892738274267
2013-08-30,17.4,17.57,17.61,17.37,272.40M,-0.91%,-0.009153381986487248
2013-09-03,17.45,17.61,17.88,17.41,332.10M,0.28%,0.0028694424279529607
2013-09-04,17.81,17.84,17.94,17.72,345.03M,2.07%,0.02042044865313416
2013-09-05,17.69,17.87,17.88,17.63,236.37M,-0.69%,-0.006760589129876281
2013-09-06,17.79,17.8,17.83,17.5,359.53M,0.60%,0.005636993506049829
2013-09-09,18.08,18.04,18.14,17.98,340.69M,1.60%,0.0161698532862866
2013-09-10,17.67,18.08,18.12,17.48,743.20M,-2.28%,-0.022938068632425233
2013-09-11,16.7,16.68,16.92,16.6,898.69M,-5.44%,-0.0564595669088958
2013-09-12,16.88,16.73,16.98,16.64,404.05M,1.06%,0.010720769745101695
2013-09-13,16.6,16.76,16.85,16.6,298.83M,-1.65%,-0.0167267938053134
2013-09-16,16.08,16.46,16.49,15.97,548.55M,-3.18%,-0.03182643161167743
2013-09-17,16.26,16.0,16.42,15.98,399.38M,1.16%,0.011131840368844419
2013-09-18,16.6,16.54,16.66,16.45,456.86M,2.06%,0.020694591242832957
2013-09-19,16.87,16.81,16.99,16.76,404.54M,1.64%,0.016134201195379276
2013-09-20,16.69,17.07,17.09,16.64,699.30M,-1.04%,-0.010727158884133186
2013-09-23,17.52,17.72,17.75,17.24,762.11M,4.97%,0.04853334783450147
2013-09-24,17.47,17.67,17.7,17.42,364.34M,-0.31%,-0.002857961362280177
2013-09-25,17.2,17.47,17.49,17.19,316.96M,-1.55%,-0.015575740326557798
2013-09-26,17.36,17.36,17.45,17.28,237.22M,0.97%,0.009259325412796726
2013-09-27,17.24,17.28,17.31,17.17,228.04M,-0.71%,-0.0069364439966570985
2013-09-30,17.03,17.04,17.2,16.94,260.16M,-1.24%,-0.012255770560949961
2013-10-01,17.43,17.09,17.47,17.09,353.88M,2.35%,0.02321636485733261
2013-10-02,17.48,17.34,17.56,17.28,289.18M,0.33%,0.002864510695459917
2013-10-03,17.26,17.52,17.58,17.17,322.75M,-1.26%,-0.012665684572107417
2013-10-04,17.25,17.28,17.31,17.09,258.87M,-0.08%,-0.00057954217791322
2013-10-07,17.42,17.38,17.59,17.33,312.29M,0.98%,0.009806827946988122
2013-10-08,17.18,17.5,17.52,17.16,290.92M,-1.40%,-0.01387305486824749
2013-10-09,17.38,17.31,17.42,17.08,301.73M,1.17%,0.011574203281136706
2013-10-10,17.49,17.55,17.58,17.39,278.60M,0.63%,0.006309169193264756
2013-10-11,17.6,17.39,17.64,17.33,267.74M,0.65%,0.006269613013595615
2013-10-14,17.72,17.49,17.77,17.48,261.90M,0.66%,0.006795043132828586
2013-10-15,17.81,17.77,17.93,17.7,320.07M,0.53%,0.005066152124635375
2013-10-16,17.9,17.89,17.95,17.83,251.10M,0.49%,0.005040615545139014
2013-10-17,18.02,17.86,18.03,17.85,253.59M,0.68%,0.006681539333482647
2013-10-18,18.17,18.07,18.19,18.06,290.54M,0.87%,0.008289630227888057
2013-10-21,18.62,18.28,18.72,18.27,398.11M,2.45%,0.024464389440841155
2013-10-22,18.57,18.8,18.87,18.14,534.06M,-0.29%,-0.0026888964843066535
2013-10-23,18.75,18.54,18.77,18.54,313.72M,0.98%,0.009646377051805335
2013-10-24,19.0,18.75,19.02,18.66,384.76M,1.32%,0.013245226750020723
2013-10-25,18.78,18.98,19.04,18.75,337.79M,-1.12%,-0.011646505386323579
2013-10-28,18.92,18.89,18.96,18.69,550.44M,0.74%,0.007427089843615502
2013-10-29,18.45,19.15,19.26,18.38,635.81M,-2.49%,-0.025155193137196143
2013-10-30,18.75,18.56,18.84,18.46,354.16M,1.59%,0.016129381929883717
2013-10-31,18.67,18.75,18.84,18.62,275.70M,-0.42%,-0.004275794862788438
2013-11-01,18.57,18.71,18.74,18.42,274.89M,-0.51%,-0.005370582189016942
2013-11-04,18.81,18.61,18.81,18.53,244.63M,1.29%,0.01284126794832444
2013-11-05,18.77,18.73,18.89,18.68,265.47M,-0.25%,-0.0021287927145215175
2013-11-06,18.6,18.72,18.74,18.51,223.38M,-0.86%,-0.009098269879261798
2013-11-07,18.3,18.56,18.69,18.3,262.62M,-1.62%,-0.01626052087178029
2013-11-08,18.59,18.38,18.61,18.31,279.32M,1.57%,0.015722741885977345
2013-11-11,18.54,18.57,18.63,18.37,227.45M,-0.29%,-0.0026932415956436077
2013-11-12,18.57,18.49,18.71,18.46,204.46M,0.19%,0.0016168152269054777
2013-11-13,18.59,18.5,18.65,18.46,197.22M,0.12%,0.0010764263687381911
2013-11-14,18.86,18.67,18.9,18.64,282.42M,1.45%,0.014419475471958682
2013-11-15,18.75,18.81,18.9,18.73,317.92M,-0.60%,-0.005849524788891605
2013-11-18,18.52,18.75,18.83,18.51,244.95M,-1.21%,-0.012342523198386478
2013-11-19,18.56,18.54,18.69,18.5,208.94M,0.18%,0.0021574981400210927
2013-11-20,18.39,18.54,18.59,18.37,194.18M,-0.88%,-0.009201688741824653
2013-11-21,18.61,18.49,18.61,18.35,262.03M,1.19%,0.011892032037929644
2013-11-22,18.56,18.55,18.65,18.52,223.73M,-0.26%,-0.0026903432961049353
2013-11-25,18.7,18.61,18.78,18.61,229.39M,0.76%,0.007514796502486364
2013-11-26,19.05,18.72,19.15,18.71,401.38M,1.84%,0.018543577712169104
2013-11-27,19.5,19.15,19.5,19.05,363.45M,2.35%,0.023347363996991107
2013-11-29,19.86,19.62,19.94,19.56,318.13M,1.85%,0.018293193047325483
2013-12-02,19.69,19.93,20.15,19.67,472.54M,-0.87%,-0.008596765965992272
2013-12-03,20.23,19.94,20.23,19.92,450.97M,2.74%,0.027055758528619946
2013-12-04,20.18,20.2,20.33,20.03,377.81M,-0.23%,-0.0024746362541912693
2013-12-05,20.28,20.45,20.54,20.23,447.58M,0.51%,0.004943163797519509
2013-12-06,20.0,20.21,20.24,19.98,344.35M,-1.39%,-0.013902905168991493
2013-12-09,20.23,20.03,20.34,20.03,320.49M,1.14%,0.01143437762566317
2013-12-10,20.2,20.13,20.28,20.04,278.27M,-0.16%,-0.0014840467724951075
2013-12-11,20.05,20.25,20.39,19.99,359.72M,-0.74%,-0.007453450654580779
2013-12-12,20.02,20.08,20.19,20.0,262.29M,-0.15%,-0.0014973798655037282
2013-12-13,19.8,20.1,20.1,19.77,332.82M,-1.09%,-0.011049836186584935
2013-12-16,19.91,19.82,20.09,19.82,282.59M,0.55%,0.005540180375615351
2013-12-17,19.82,19.85,19.98,19.76,229.90M,-0.45%,-0.004530589174263031
2013-12-18,19.67,19.63,19.69,19.24,565.86M,-0.76%,-0.0075968965008741595
2013-12-19,19.44,19.62,19.64,19.42,320.96M,-1.15%,-0.011761833368674663
2013-12-20,19.61,19.48,19.7,19.46,436.41M,0.84%,0.008706841175961894
2013-12-23,20.36,20.29,20.38,20.1,501.31M,3.84%,0.03753255147406718
2013-12-24,20.27,20.35,20.42,20.22,167.56M,-0.42%,-0.004430231218413327
2013-12-26,20.14,20.29,20.34,20.12,204.01M,-0.66%,-0.006434073173492375
2013-12-27,20.0,20.14,20.16,19.98,225.89M,-0.68%,-0.006975613736425323
2013-12-30,19.8,19.91,20.0,19.73,253.63M,-0.99%,-0.01005033585350145
2013-12-31,20.04,19.79,20.05,19.79,223.28M,1.17%,0.012048338516174355
2014-01-02,19.75,19.85,19.89,19.72,235.17M,-1.41%,-0.014576784869533168
2014-01-03,19.32,19.74,19.77,19.3,393.22M,-2.20%,-0.022012662562758918
2014-01-06,19.43,19.19,19.53,19.06,413.44M,0.55%,0.005677434604976837
2014-01-07,19.29,19.44,19.5,19.21,317.73M,-0.72%,-0.007231436471711006
2014-01-08,19.41,19.24,19.48,19.24,258.75M,0.63%,0.006201570263281327
2014-01-09,19.16,19.53,19.53,19.12,279.62M,-1.28%,-0.01296362463820435
2014-01-10,19.03,19.28,19.31,18.97,305.28M,-0.67%,-0.006808091234656309
2014-01-13,19.13,18.93,19.37,18.92,379.44M,0.52%,0.005241102144103352
2014-01-14,19.51,19.22,19.53,19.2,334.94M,1.99%,0.0196693711828585
2014-01-15,19.91,19.77,20.01,19.7,393.89M,2.01%,0.020294963441085025
2014-01-16,19.79,19.82,19.89,19.7,229.89M,-0.56%,-0.006045358461630579
2014-01-17,19.31,19.7,19.72,19.28,433.71M,-2.45%,-0.024553663174051325
2014-01-21,19.61,19.32,19.65,19.3,329.02M,1.55%,0.01541654376783186
2014-01-22,19.7,19.68,19.9,19.56,380.88M,0.44%,0.004578995535687995
2014-01-23,19.86,19.64,19.87,19.46,403.91M,0.85%,0.008089022873083824
2014-01-24,19.5,19.79,19.84,19.46,433.54M,-1.82%,-0.018293193047325376
2014-01-27,19.66,19.65,19.81,19.49,576.88M,0.81%,0.008171649149319478
2014-01-28,18.09,18.17,18.39,17.93,1.07B,-7.99%,-0.08322681531181678
2014-01-29,17.88,18.0,18.12,17.81,503.77M,-1.14%,-0.011676529661835742
2014-01-30,17.85,17.95,18.09,17.74,679.05M,-0.19%,-0.001679261519719914
2014-01-31,17.88,17.68,17.91,17.63,465.35M,0.16%,0.0016792615197197722
2014-02-03,17.91,17.95,18.13,17.83,402.48M,0.19%,0.0016764463272523522
2014-02-04,18.17,18.07,18.19,17.96,377.09M,1.45%,0.014412666335459566
2014-02-05,18.31,18.09,18.4,18.08,329.29M,0.75%,0.007675476278339337
2014-02-06,18.3,18.22,18.34,18.14,257.99M,0.00%,-0.0005462988390440146
2014-02-07,18.56,18.62,18.68,18.48,374.55M,1.40%,0.01410766751067923
2014-02-10,18.89,18.52,19.0,18.5,345.80M,1.79%,0.017623954155363712
2014-02-11,19.14,18.95,19.21,18.91,282.69M,1.32%,0.013147704511389986
2014-02-12,19.14,19.18,19.27,19.04,308.51M,0.00%,0.0
2014-02-13,19.44,19.09,19.46,19.08,307.84M,1.59%,0.015552413007484785
2014-02-14,19.43,19.37,19.5,19.33,273.87M,-0.08%,-0.0005145356429443377
2014-02-18,19.5,19.5,19.69,19.49,261.23M,0.37%,0.0035962021803525087
2014-02-19,19.19,19.46,19.53,19.08,314.22M,-1.58%,-0.01602515555009254
2014-02-20,18.97,19.04,19.18,18.89,306.12M,-1.16%,-0.011530526072685888
2014-02-21,18.76,19.03,19.09,18.74,279.03M,-1.11%,-0.01113184036884407
2014-02-24,18.84,18.68,18.93,18.66,289.46M,0.44%,0.00425532557013827
2014-02-25,18.64,18.91,18.91,18.61,232.99M,-1.04%,-0.010672459890771872
2014-02-26,18.48,18.7,18.75,18.41,276.53M,-0.90%,-0.008620743043907088
2014-02-27,18.85,18.47,18.88,18.43,302.23M,1.99%,0.019823847680481697
2014-02-28,18.79,18.9,19.03,18.65,372.30M,-0.27%,-0.003188100468645992
2014-03-03,18.85,18.69,18.95,18.67,239.14M,0.29%,0.0031881004686458952
2014-03-04,18.97,18.96,19.02,18.85,259.54M,0.66%,0.0063458700529029615
2014-03-05,19.01,18.96,19.1,18.9,200.26M,0.21%,0.002106372553415181
2014-03-06,18.96,19.03,19.09,18.86,185.69M,-0.30%,-0.002633659673462051
2014-03-07,18.94,18.97,19.0,18.79,221.66M,-0.06%,-0.001055409068943492
2014-03-10,18.96,18.87,19.05,18.87,178.77M,0.09%,0.0010554090689434672
2014-03-11,19.15,19.12,19.24,19.02,280.80M,0.97%,0.009971218799779157
2014-03-12,19.16,19.09,19.19,19.0,200.78M,0.10%,0.0005220569160595142
2014-03-13,18.95,19.19,19.27,18.9,257.74M,-1.11%,-0.011020841014279156
2014-03-14,18.74,18.89,18.96,18.68,237.20M,-1.12%,-0.011143654718159248
2014-03-17,18.81,18.85,18.93,18.78,199.54M,0.39%,0.0037283665026628604
2014-03-18,18.98,18.78,19.0,18.76,209.65M,0.88%,0.008997149868842822
2014-03-19,18.97,19.01,19.15,18.89,224.76M,0.00%,-0.000527009234859074
2014-03-20,18.88,18.92,19.02,18.83,208.40M,-0.48%,-0.004755623229568159
2014-03-21,19.03,19.0,19.06,18.8,374.45M,0.79%,0.007913520590703665
2014-03-24,19.26,19.23,19.3,19.11,355.70M,1.19%,0.012013725061921344
2014-03-25,19.46,19.34,19.49,19.27,282.29M,1.08%,0.01033067038787936
2014-03-26,19.28,19.52,19.61,19.24,299.77M,-0.96%,-0.009292787575459406
2014-03-27,19.19,19.29,19.34,19.11,222.03M,-0.43%,-0.004678979162790996
2014-03-28,19.17,19.23,19.25,19.08,200.56M,-0.11%,-0.0010427529620553812
2014-03-31,19.17,19.26,19.31,19.14,168.67M,0.00%,0.0
2014-04-01,19.34,19.21,19.35,19.17,200.76M,0.91%,0.00882893296759512
2014-04-02,19.38,19.37,19.41,19.29,180.42M,0.17%,0.0020661164374719087
2014-04-03,19.24,19.34,19.37,19.2,162.59M,-0.69%,-0.007250161225059751
2014-04-04,18.99,19.28,19.29,18.95,275.25M,-1.29%,-0.013078920413365907
2014-04-07,18.7,18.86,18.96,18.64,289.85M,-1.57%,-0.015389000963653568
2014-04-08,18.69,18.76,18.79,18.52,243.89M,0.00%,-0.0005349023930693201
2014-04-09,18.94,18.67,18.95,18.64,206.17M,1.31%,0.013287466290460657
2014-04-10,18.7,18.95,19.01,18.68,239.65M,-1.29%,-0.012752563897391348
2014-04-11,18.56,18.54,18.67,18.47,271.90M,-0.74%,-0.007514796502486499
2014-04-14,18.63,18.64,18.65,18.47,205.78M,0.40%,0.0037644572554425423
2014-04-15,18.5,18.58,18.63,18.26,266.49M,-0.71%,-0.007002452529217873
2014-04-16,18.54,18.5,18.61,18.36,214.93M,0.20%,0.002159828053429938
2014-04-17,18.75,18.57,18.85,18.54,284.43M,1.14%,0.011263192278710869
2014-04-21,18.97,18.76,19.0,18.71,182.68M,1.19%,0.011665031530503056
2014-04-22,18.99,18.87,18.99,18.8,202.66M,0.10%,0.001053740877271564
2014-04-23,18.74,18.89,18.97,18.73,394.94M,-1.31%,-0.013252248013918343
2014-04-24,20.28,20.29,20.36,20.03,759.91M,8.20%,0.07897490191270651
2014-04-25,20.43,20.16,20.43,20.14,390.28M,0.73%,0.007369230106548148
2014-04-28,21.22,20.46,21.28,20.45,669.49M,3.87%,0.03793972435630639
2014-04-29,21.15,21.2,21.28,21.05,337.38M,-0.30%,-0.0033042276935500723
2014-04-30,21.07,21.17,21.41,21.06,456.88M,-0.38%,-0.0037896776761892044
2014-05-01,21.12,21.14,21.24,20.94,244.21M,0.24%,0.0023702310219631847
2014-05-02,21.16,21.15,21.22,21.06,191.51M,0.19%,0.0018921481520379623
2014-05-05,21.46,21.08,21.46,21.07,287.07M,1.41%,0.014078130212453804
2014-05-06,21.23,21.49,21.59,21.23,374.57M,-1.09%,-0.010775461487387667
2014-05-07,21.15,21.26,21.33,20.99,282.86M,-0.35%,-0.0037753702228778565
2014-05-08,21.0,21.01,21.23,20.94,230.30M,-0.73%,-0.0071174677688638785
2014-05-09,20.91,20.88,20.94,20.73,291.60M,-0.42%,-0.00429492428288073
2014-05-12,21.17,20.98,21.2,20.98,213.30M,1.24%,0.012357571706231595
2014-05-13,21.21,21.14,21.23,21.1,159.74M,0.16%,0.0018876834298171916
2014-05-14,21.21,21.16,21.34,21.13,166.40M,0.00%,0.0
2014-05-15,21.03,21.24,21.31,21.0,230.85M,-0.85%,-0.008522778861982626
2014-05-16,21.34,21.02,21.34,20.91,276.37M,1.48%,0.014633256158998858
2014-05-19,21.59,21.35,21.69,21.33,317.76M,1.18%,0.011646998653108677
2014-05-20,21.6,21.59,21.66,21.45,234.84M,0.00%,0.0004630701634033193
2014-05-21,21.65,21.57,21.67,21.5,197.00M,0.26%,0.0023121397583793788
2014-05-22,21.69,21.66,21.78,21.57,200.88M,0.16%,0.0018458703902843525
2014-05-23,21.93,21.69,21.95,21.66,232.21M,1.13%,0.011004237591013778
2014-05-27,22.34,22.0,22.35,21.99,348.87M,1.87%,0.018523231211257728
2014-05-28,22.29,22.36,22.49,22.28,315.69M,-0.26%,-0.0022406462432772467
2014-05-29,22.69,22.42,22.75,22.42,376.47M,1.82%,0.017786151393972948
2014-05-30,22.61,22.78,23.01,22.46,564.02M,-0.37%,-0.003532012501871944
2014-06-02,22.45,22.64,22.67,22.23,369.35M,-0.69%,-0.007101672101615164
2014-06-03,22.77,22.44,22.81,22.44,292.93M,1.41%,0.014153265887385007
2014-06-04,23.03,22.77,23.14,22.72,335.48M,1.14%,0.01135383375694571
2014-06-05,23.12,23.08,23.19,22.95,303.80M,0.39%,0.0039003299715828724
2014-06-06,23.06,23.21,23.26,23.02,350.48M,-0.27%,-0.002598528963263849
2014-06-09,23.42,23.17,23.47,22.94,301.66M,1.60%,0.015490843328658402
2014-06-10,23.56,23.68,23.76,23.39,251.11M,0.59%,0.005960000613814511
2014-06-11,23.47,23.53,23.69,23.37,182.72M,-0.41%,-0.0038273489204538194
2014-06-12,23.07,23.51,23.53,22.98,219.00M,-1.67%,-0.017189937677269746
2014-06-13,22.82,23.05,23.11,22.72,218.10M,-1.09%,-0.01089572775173268
2014-06-16,23.05,22.88,23.19,22.86,142.25M,1.01%,0.010028425008728043
2014-06-17,23.02,23.08,23.17,22.95,118.91M,-0.13%,-0.0013023661489210054
2014-06-18,23.05,23.07,23.07,22.84,134.06M,0.11%,0.0013023661489209302
2014-06-19,22.97,23.07,23.08,22.83,142.11M,-0.35%,-0.0034767527416506693
2014-06-20,22.73,22.96,23.14,22.73,403.59M,-1.03%,-0.010503378836555015
2014-06-23,22.71,22.83,22.91,22.65,174.78M,-0.09%,-0.0008802817469847037
2014-06-24,22.57,22.69,22.93,22.55,156.14M,-0.61%,-0.0061837652880228425
2014-06-25,22.59,22.55,22.67,22.41,147.47M,0.09%,0.0008857396504676068
2014-06-26,22.73,22.59,22.76,22.45,130.52M,0.60%,0.0061783073845398575
2014-06-27,23.0,22.7,23.0,22.69,256.12M,1.19%,0.01180857806469784
2014-06-30,23.23,23.02,23.43,23.02,198.36M,1.03%,0.009950330853168092
2014-07-01,23.38,23.38,23.52,23.28,152.89M,0.63%,0.006436409261604548
2014-07-02,23.37,23.47,23.51,23.27,113.86M,-0.04%,-0.0004278074931556985
2014-07-03,23.51,23.42,23.52,23.3,91.57M,0.59%,0.0059727140012114715
2014-07-07,23.99,23.53,24.0,23.52,225.87M,2.06%,0.02021121429962492
2014-07-08,23.84,24.07,24.2,23.48,260.89M,-0.64%,-0.006272234654454186
2014-07-09,23.85,23.86,23.99,23.69,145.75M,0.04%,0.00041937513720138566
2014-07-10,23.76,23.44,23.89,23.38,158.74M,-0.37%,-0.0037807228399060443
2014-07-11,23.81,23.84,23.97,23.72,136.07M,0.19%,0.0021021660043270725
2014-07-14,24.11,23.97,24.22,23.91,171.24M,1.29%,0.012521031694308304
2014-07-15,23.83,24.2,24.21,23.76,182.78M,-1.17%,-0.011681401082428943
2014-07-16,23.69,24.24,24.27,23.68,214.01M,-0.57%,-0.005892272939956543
2014-07-17,23.27,23.76,23.82,23.14,229.19M,-1.78%,-0.017888040856493755
2014-07-18,23.61,23.41,23.68,23.25,199.95M,1.44%,0.014505373783221129
2014-07-21,23.48,23.75,23.75,23.43,156.32M,-0.52%,-0.005521356137525796
2014-07-22,23.68,23.67,23.72,23.53,220.79M,0.83%,0.00848181505590913
2014-07-23,24.3,23.85,24.47,23.79,371.67M,2.61%,0.025845540330697865
2014-07-24,24.26,24.26,24.33,24.1,182.92M,-0.16%,-0.0016474468305987156
2014-07-25,24.42,24.21,24.46,24.16,173.88M,0.66%,0.0065735651666546605
2014-07-28,24.75,24.45,24.81,24.39,221.27M,1.38%,0.01342302033214055
2014-07-29,24.59,24.83,24.86,24.56,172.57M,-0.65%,-0.006485632786598152
2014-07-30,24.54,24.61,24.67,24.42,132.04M,-0.23%,-0.00203541694533583
2014-07-31,23.9,24.29,24.36,23.83,227.37M,-2.60%,-0.026425980345300405
2014-08-01,24.03,23.73,24.16,23.7,194.05M,0.55%,0.005424590810912592
2014-08-04,23.9,24.09,24.15,23.79,159.83M,-0.56%,-0.005424590810912723
2014-08-05,23.78,23.84,23.92,23.59,223.73M,-0.49%,-0.005033567674829068
2014-08-06,23.74,23.69,23.87,23.68,154.23M,-0.17%,-0.001683502081113876
2014-08-07,23.62,23.73,23.99,23.52,186.84M,-0.51%,-0.0050675784123056225
2014-08-08,23.68,23.57,23.7,23.32,167.46M,0.28%,0.0025369992465886526
2014-08-11,24.0,23.82,24.02,23.71,146.34M,1.32%,0.01342302033214077
2014-08-12,23.99,24.01,24.22,23.9,135.18M,0.00%,-0.00041675349634247945
2014-08-13,24.31,24.04,24.31,24.01,127.67M,1.32%,0.013250711476428754
2014-08-14,24.38,24.33,24.39,24.2,112.46M,0.27%,0.0028753357250933835
2014-08-15,24.5,24.48,24.55,24.22,195.81M,0.49%,0.004909993497555785
2014-08-18,24.79,24.62,24.84,24.5,190.29M,1.20%,0.011767228496417755
2014-08-19,25.13,24.85,25.17,24.83,277.60M,1.38%,0.013622005508401595
2014-08-20,25.14,25.11,25.27,24.99,210.80M,0.04%,0.00039785160660070625
2014-08-21,25.15,25.14,25.24,25.03,133.91M,0.00%,0.000397693383646691
2014-08-22,25.33,25.07,25.37,25.05,176.74M,0.74%,0.007131567467835687
2014-08-25,25.39,25.45,25.54,25.32,161.08M,0.22%,0.002365931703003341
2014-08-26,25.22,25.35,25.38,25.22,132.61M,-0.64%,-0.006718065179813591
2014-08-27,25.53,25.25,25.64,25.17,209.48M,1.23%,0.012216900716619135
2014-08-28,25.56,25.4,25.69,25.39,273.84M,0.12%,0.0011743982559414398
2014-08-29,25.63,25.72,25.73,25.55,178.38M,0.24%,0.0027349108666456703
2014-09-02,25.83,25.76,25.93,25.68,214.26M,0.78%,0.007773066731769459
2014-09-03,24.74,25.77,25.8,24.65,501.68M,-4.22%,-0.043115240143407306
2014-09-04,24.53,24.71,25.02,24.45,342.87M,-0.83%,-0.00852450869394381
2014-09-05,24.74,24.7,24.85,24.58,233.83M,0.87%,0.00852450869394375
2014-09-08,24.59,24.83,24.83,24.51,185.43M,-0.62%,-0.00608151073624059
2014-09-09,24.5,24.77,25.77,24.03,759.39M,-0.38%,-0.0036667386774198937
2014-09-10,25.25,24.5,25.28,24.44,403.48M,3.07%,0.030153038170687457
2014-09-11,25.36,25.1,25.36,24.91,249.60M,0.43%,0.004346973847656346
2014-09-12,25.42,25.3,25.55,25.27,256.39M,0.23%,0.002363136192282802
2014-09-15,25.41,25.7,25.76,25.36,245.27M,-0.03%,-0.0003934684292353609
2014-09-16,25.22,24.95,25.32,24.72,267.63M,-0.76%,-0.0075054667952992775
2014-09-17,25.4,25.32,25.45,25.15,243.71M,0.71%,0.007111843487717374
2014-09-18,25.45,25.48,25.59,25.39,149.20M,0.21%,0.0019665689720408473
2014-09-19,25.24,25.57,25.59,25.13,283.61M,-0.82%,-0.008285705323519396
2014-09-22,25.26,25.45,25.53,25.15,211.15M,0.10%,0.0007920792493328417
2014-09-23,25.66,25.15,25.74,25.14,253.61M,1.56%,0.015711242265145225
2014-09-24,25.44,25.54,25.71,25.3,240.69M,-0.87%,-0.008610620715568944
2014-09-25,24.47,25.13,25.18,24.43,400.37M,-3.81%,-0.038874861017341195
2014-09-26,25.19,24.63,25.19,24.6,249.48M,2.94%,0.02899921290993863
2014-09-29,25.03,24.66,25.11,24.66,199.07M,-0.64%,-0.006371984920836003
2014-09-30,25.19,25.2,25.39,25.13,221.06M,0.64%,0.006371984920836062
2014-10-01,24.8,25.15,25.17,24.67,205.97M,-1.56%,-0.015603437193582361
2014-10-02,24.98,24.82,25.06,24.51,191.03M,0.73%,0.007231851526495187
2014-10-03,24.91,24.86,25.05,24.76,173.88M,-0.28%,-0.002806175423342617
2014-10-06,24.91,24.99,25.16,24.85,148.20M,0.00%,0.0
2014-10-07,24.69,24.86,25.03,24.68,168.38M,-0.87%,-0.008871025917000822
2014-10-08,25.2,24.69,25.28,24.58,229.62M,2.08%,0.0204456911602893
2014-10-09,25.25,25.39,25.59,25.15,309.51M,0.22%,0.0019821612039912025
2014-10-10,25.18,25.17,25.51,25.08,265.33M,-0.29%,-0.0027761271051677267
2014-10-13,24.95,25.33,25.44,24.95,214.33M,-0.91%,-0.00917620641867343
2014-10-14,24.69,25.1,25.13,24.64,254.75M,-1.06%,-0.010475518840439457
2014-10-15,24.39,24.49,24.79,23.8,403.73M,-1.23%,-0.012225091129259267
2014-10-16,24.07,23.89,24.43,23.85,288.62M,-1.31%,-0.013206960432848377
2014-10-17,24.42,24.38,24.75,24.2,272.72M,1.46%,0.014436216887578202
2014-10-20,24.94,24.58,24.99,24.56,310.07M,2.14%,0.021070471569331835
2014-10-21,25.62,25.75,25.75,25.32,378.50M,2.72%,0.026900356216697768
2014-10-22,25.75,25.71,26.03,25.65,273.05M,0.51%,0.00506133064115686
2014-10-23,26.21,26.02,26.26,25.91,284.30M,1.79%,0.01770639022556996
2014-10-24,26.31,26.3,26.37,26.13,188.22M,0.37%,0.0038080777168863346
2014-10-27,26.28,26.21,26.37,26.17,136.75M,-0.10%,-0.0011409014357915558
2014-10-28,26.68,26.35,26.68,26.34,192.24M,1.55%,0.015106027431013096
2014-10-29,26.83,26.66,26.84,26.59,210.75M,0.56%,0.005606443390109796
2014-10-30,26.75,26.74,26.84,26.48,162.62M,-0.34%,-0.0029861910955171363
2014-10-31,27.0,27.0,27.01,26.8,178.56M,0.95%,0.00930239266231341
2014-11-03,27.35,27.06,27.58,27.0,209.13M,1.30%,0.012879662863661238
2014-11-04,27.15,27.34,27.37,26.93,166.30M,-0.73%,-0.0073394824880459114
2014-11-05,27.22,27.27,27.33,27.03,149.74M,0.24%,0.00257495084337554
2014-11-06,27.17,27.15,27.2,26.95,139.87M,-0.15%,-0.0018385737850635494
2014-11-07,27.25,27.19,27.33,27.14,134.77M,0.29%,0.0029400976709966567
2014-11-10,27.21,27.25,27.33,27.17,108.78M,-0.17%,-0.001468968314098133
2014-11-11,27.42,27.17,27.44,27.1,109.77M,0.80%,0.00768812133901349
2014-11-12,27.81,27.34,27.86,27.34,187.77M,1.41%,0.014122994111704933
2014-11-13,28.2,27.95,28.36,27.9,238.09M,1.41%,0.013926309698194517
2014-11-14,28.55,28.29,28.55,28.26,176.25M,1.21%,0.012334958157951366
2014-11-17,28.5,28.57,29.32,28.33,186.99M,-0.17%,-0.0017528488274143605
2014-11-18,28.87,28.49,28.92,28.47,176.90M,1.30%,0.01289890640023888
2014-11-19,28.67,28.86,28.93,28.45,167.48M,-0.69%,-0.006951713779565261
2014-11-20,29.08,28.73,29.22,28.71,173.58M,1.43%,0.014199372770039928
2014-11-21,29.12,29.38,29.39,29.01,228.72M,0.14%,0.001374570663166785
2014-11-24,29.66,29.21,29.69,29.16,189.80M,1.85%,0.018374113381300752
2014-11-25,29.4,29.77,29.94,29.36,275.36M,-0.86%,-0.008804662365150108
2014-11-26,29.75,29.49,29.77,29.46,163.33M,1.19%,0.011834457647002798
2014-11-28,29.73,29.82,29.85,29.51,99.26M,-0.06%,-0.0006724949816324287
2014-12-01,28.77,29.7,29.81,27.82,335.26M,-3.25%,-0.03282345944654983
2014-12-02,28.66,28.38,28.94,28.19,237.40M,-0.38%,-0.0038307551634307476
2014-12-03,28.98,28.94,29.09,28.78,172.25M,1.13%,0.01110351449251058
2014-12-04,28.87,28.94,29.3,28.82,168.62M,-0.38%,-0.003802943217692595
2014-12-05,28.75,29.0,29.02,28.66,153.28M,-0.42%,-0.004165226431484326
2014-12-08,28.1,28.52,28.66,27.91,230.66M,-2.26%,-0.022868190903659276
2014-12-09,28.53,27.55,28.58,27.34,240.83M,1.53%,0.01518658888570862
2014-12-10,27.99,28.6,28.71,27.89,178.26M,-1.90%,-0.019108861698046587
2014-12-11,27.91,28.07,28.45,27.83,165.89M,-0.29%,-0.0028622559791313304
2014-12-12,27.43,27.61,27.97,27.4,224.11M,-1.69%,-0.017347742598718935
2014-12-15,27.06,27.67,27.9,26.59,268.87M,-1.37%,-0.01358068220686992
2014-12-16,26.69,26.59,27.54,26.57,243.16M,-1.37%,-0.013767659326209098
2014-12-17,27.35,26.78,27.46,26.7,213.65M,2.50%,0.024427565451557425
2014-12-18,28.16,27.97,28.16,27.67,236.02M,2.96%,0.02918600242185147
2014-12-19,27.94,28.07,28.31,27.92,353.72M,-0.77%,-0.007843177461025893
2014-12-22,28.24,28.04,28.37,27.99,180.67M,1.04%,0.010680058796225531
2014-12-23,28.14,28.31,28.33,28.11,104.11M,-0.35%,-0.0035473609387983093
2014-12-24,28.0,28.15,28.18,28.0,57.92M,-0.47%,-0.004987541511039051
2014-12-26,28.5,28.02,28.63,28.0,134.88M,1.77%,0.017699577099400857
2014-12-29,28.48,28.45,28.69,28.42,110.40M,-0.07%,-0.0007020007308297824
2014-12-30,28.13,28.41,28.48,28.03,119.53M,-1.22%,-0.012365464042009616
2014-12-31,27.59,28.2,28.28,27.55,165.61M,-1.90%,-0.01938323427257073
2015-01-02,27.33,27.85,27.86,26.84,212.82M,-0.95%,-0.009468388289218128
2015-01-05,26.56,27.07,27.16,26.35,257.14M,-2.82%,-0.02857867533174351
2015-01-06,26.57,26.64,26.86,26.16,263.19M,0.00%,0.00037643516348898336
2015-01-07,26.94,26.8,27.05,26.67,160.42M,1.40%,0.013829411210495926
2015-01-08,27.97,27.31,28.04,27.17,237.46M,3.84%,0.03752033623165028
2015-01-09,28.0,28.17,28.31,27.55,214.80M,0.11%,0.0010720029613356787
2015-01-12,27.31,28.15,28.16,27.2,198.60M,-2.46%,-0.02495157468959033
2015-01-13,27.56,27.86,28.2,27.23,268.37M,0.89%,0.009112510659844178
2015-01-14,27.45,27.26,27.62,27.13,195.83M,-0.38%,-0.003999278189918143
2015-01-15,26.7,27.5,27.51,26.67,240.06M,-2.71%,-0.027702602549335823
2015-01-16,26.5,26.76,26.9,26.3,314.05M,-0.78%,-0.00751883241402734
2015-01-20,27.18,26.96,27.22,26.63,199.60M,2.58%,0.025336675730821035
2015-01-21,27.39,27.24,27.76,27.07,194.30M,0.76%,0.007696574551989067
2015-01-22,28.1,27.57,28.12,27.43,215.19M,2.60%,0.02559159306471335
2015-01-23,28.25,28.08,28.44,27.88,185.86M,0.52%,0.005323881252749797
2015-01-26,28.27,28.43,28.59,28.2,222.46M,0.11%,0.0007077141130489192
2015-01-27,27.28,28.1,28.12,27.26,382.28M,-3.50%,-0.03564733873023761
2015-01-28,28.83,29.41,29.53,28.83,585.91M,5.65%,0.05526267867504931
2015-01-29,29.73,29.08,29.8,28.89,337.75M,3.11%,0.030740125359695534
2015-01-30,29.29,29.6,30.0,29.21,334.98M,-1.46%,-0.014910476170364232
2015-02-02,29.66,29.51,29.79,29.02,250.96M,1.25%,0.012553175870143991
2015-02-03,29.66,29.63,29.77,29.4,207.66M,0.02%,0.0
2015-02-04,29.89,29.63,30.13,29.58,280.60M,0.77%,0.007724639586060486
2015-02-05,29.99,30.0,30.06,29.81,168.98M,0.32%,0.003340016465071233
2015-02-06,29.73,30.0,30.06,29.61,174.83M,-0.84%,-0.008707355750911286
2015-02-09,29.93,29.64,29.96,29.61,155.56M,0.66%,0.006704684854601265
2015-02-10,30.5,30.04,30.54,30.04,248.03M,1.92%,0.018865361748758414
2015-02-11,31.22,30.69,31.23,30.63,294.25M,2.34%,0.023332231473920082
2015-02-12,31.61,31.51,31.87,31.39,297.90M,1.27%,0.012414611140240343
2015-02-13,31.77,31.82,31.82,31.41,217.09M,0.49%,0.0050489220538984915
2015-02-17,31.96,31.87,32.22,31.73,252.61M,0.59%,0.005962672616649229
2015-02-18,32.18,31.91,32.19,31.86,179.57M,0.69%,0.006860020666163162
2015-02-19,32.11,32.12,32.26,32.08,149.45M,-0.21%,-0.002177633462814552
2015-02-20,32.37,32.15,32.38,32.01,195.79M,0.81%,0.008064559836730274
2015-02-23,33.25,32.51,33.25,32.42,283.90M,2.71%,0.026822699163710342
2015-02-24,33.04,33.24,33.4,32.79,276.91M,-0.62%,-0.006335818449085895
2015-02-25,32.2,32.89,32.9,32.04,298.85M,-2.56%,-0.025752496102414625
2015-02-26,32.6,32.2,32.72,31.65,365.15M,1.26%,0.012345835822299362
2015-02-27,32.12,32.5,32.64,32.06,248.06M,-1.50%,-0.014833399294101175
2015-03-02,32.27,32.31,32.57,32.08,192.39M,0.49%,0.004659116985309661
2015-03-03,32.34,32.24,32.38,32.02,151.27M,0.21%,0.002166848085090293
2015-03-04,32.13,32.28,32.39,32.08,126.67M,-0.63%,-0.006514681021193754
2015-03-05,31.6,32.15,32.19,31.44,226.07M,-1.66%,-0.016633052534900678
2015-03-06,31.65,32.1,32.34,31.57,291.37M,0.15%,0.0015810279973187732
2015-03-09,31.78,31.99,32.39,31.26,354.11M,0.43%,0.0040990125183847335
2015-03-10,31.13,31.6,31.81,30.95,275.43M,-2.07%,-0.020665176655053186
2015-03-11,30.56,31.19,31.19,30.53,275.76M,-1.82%,-0.01848002015519712
2015-03-12,31.11,30.58,31.23,30.41,193.45M,1.81%,0.017837346611226
2015-03-13,30.9,31.1,31.35,30.65,207.31M,-0.69%,-0.006773127005845934
2015-03-16,31.24,30.97,31.24,30.72,143.50M,1.10%,0.010943141067785418
2015-03-17,31.76,31.48,31.83,31.41,204.09M,1.67%,0.016508311407449794
2015-03-18,32.12,31.75,32.29,31.59,261.08M,1.13%,0.011271252699625752
2015-03-19,31.87,32.19,32.31,31.85,183.24M,-0.76%,-0.0078137606493158
2015-03-20,31.48,32.06,32.1,31.29,274.78M,-1.25%,-0.012312704880042618
2015-03-23,31.8,31.78,31.96,31.63,150.84M,1.04%,0.010113866236928759
2015-03-24,31.67,31.81,32.01,31.64,131.37M,-0.41%,-0.004096429235582667
2015-03-25,30.84,31.64,31.7,30.84,206.62M,-2.61%,-0.02655731185541978
2015-03-26,31.06,30.69,31.22,30.65,190.29M,0.70%,0.007108269025412245
2015-03-27,30.81,31.14,31.17,30.73,158.18M,-0.80%,-0.008081505111964486
2015-03-30,31.59,31.01,31.6,31.0,188.40M,2.53%,0.0250013022054174
2015-03-31,31.11,31.52,31.62,31.09,168.36M,-1.54%,-0.01531130390444818
2015-04-01,31.06,31.2,31.28,30.77,162.49M,-0.14%,-0.0016084931890047087
2015-04-02,31.33,31.26,31.39,31.05,128.88M,0.86%,0.008655287243559281
2015-04-06,31.84,31.12,31.88,31.08,148.78M,1.62%,0.016147256012081845
2015-04-07,31.5,31.91,32.03,31.5,140.05M,-1.05%,-0.010735815144594919
2015-04-08,31.4,31.46,31.6,31.24,149.32M,-0.33%,-0.0031796529173797957
2015-04-09,31.64,31.46,31.65,31.17,129.94M,0.76%,0.00761424998524544
2015-04-10,31.77,31.49,31.8,31.32,160.75M,0.43%,0.004100305381971735
2015-04-13,31.71,32.09,32.14,31.65,145.46M,-0.20%,-0.001890359731168784
2015-04-14,31.58,31.75,31.82,31.48,102.10M,-0.43%,-0.004108079722759994
2015-04-15,31.69,31.6,31.78,31.5,115.88M,0.38%,0.0034771648753334538
2015-04-16,31.54,31.57,31.77,31.53,113.48M,-0.48%,-0.004744592167937145
2015-04-17,31.19,31.39,31.53,31.11,207.83M,-1.13%,-0.011159050915180341
2015-04-20,31.9,31.39,32.03,31.29,188.22M,2.28%,0.022508479171086823
2015-04-21,31.73,32.03,32.05,31.67,129.74M,-0.54%,-0.005343404195694638
2015-04-22,32.15,31.75,32.22,31.58,150.62M,1.35%,0.013149845088524216
2015-04-23,32.42,32.08,32.6,32.03,183.08M,0.82%,0.008363065623901753
2015-04-24,32.57,32.62,32.66,32.31,178.10M,0.47%,0.0046161029806120225
2015-04-27,33.16,33.08,33.28,32.79,387.82M,1.82%,0.017952710978952045
2015-04-28,32.64,33.61,33.63,32.39,475.70M,-1.58%,-0.01580580017118781
2015-04-29,32.16,32.54,32.9,32.08,253.54M,-1.47%,-0.014815085785140812
2015-04-30,31.29,31.88,31.97,31.15,332.78M,-2.71%,-0.027424886629974776
2015-05-01,32.24,31.52,32.53,31.33,234.05M,3.04%,0.029909359957636786
2015-05-04,32.17,32.38,32.64,32.06,203.95M,-0.19%,-0.0021735763874925693
2015-05-05,31.45,32.04,32.11,31.44,197.09M,-2.25%,-0.022635358104485484
2015-05-06,31.25,31.64,31.69,30.84,288.56M,-0.63%,-0.00637960696403904
2015-05-07,31.32,31.19,31.52,31.0,175.76M,0.20%,0.002237494940191867
2015-05-08,31.91,31.67,31.91,31.53,222.20M,1.88%,0.01866256916754969
2015-05-11,31.58,31.85,31.89,31.41,168.14M,-1.02%,-0.010395431462656193
2015-05-12,31.47,31.4,31.72,31.2,192.64M,-0.36%,-0.003489297751180531
2015-05-13,31.5,31.54,31.8,31.47,138.78M,0.12%,0.0009528347552718458
2015-05-14,32.24,31.85,32.24,31.79,180.81M,2.33%,0.023220371806840126
2015-05-15,32.19,32.27,32.37,32.05,152.83M,-0.14%,-0.0015520723277108314
2015-05-18,32.55,32.1,32.68,32.09,203.53M,1.10%,0.011121523343861416
2015-05-19,32.52,32.67,32.72,32.41,178.53M,-0.09%,-0.0009220839749682027
2015-05-20,32.51,32.5,32.74,32.33,145.82M,0.00%,-0.0003075503637960317
2015-05-21,32.85,32.52,32.91,32.46,158.92M,1.02%,0.01040401061480557
2015-05-22,33.13,32.9,33.24,32.85,182.38M,0.88%,0.008487471381185063
2015-05-26,32.4,33.15,33.23,32.28,282.79M,-2.20%,-0.022280793513520917
2015-05-27,33.01,32.58,33.06,32.51,183.33M,1.87%,0.018652123066817832
2015-05-28,32.94,32.97,32.99,32.78,122.93M,-0.20%,-0.0021228211156073817
2015-05-29,32.57,32.81,32.86,32.47,203.54M,-1.14%,-0.011296105461352067
2015-06-01,32.63,32.8,32.85,32.51,128.45M,0.20%,0.0018404913170872192
2015-06-02,32.49,32.47,32.66,32.33,134.67M,-0.44%,-0.004299760924220375
2015-06-03,32.53,32.67,32.74,32.47,123.93M,0.12%,0.001230390804251141
2015-06-04,32.34,32.4,32.65,32.23,153.80M,-0.58%,-0.005857886336299189
2015-06-05,32.16,32.38,32.42,32.09,142.51M,-0.55%,-0.005581409838195376
2015-06-08,31.95,32.22,32.3,31.71,210.70M,-0.66%,-0.006551263487221703
2015-06-09,31.85,31.67,32.02,31.41,224.30M,-0.30%,-0.003134798805371392
2015-06-10,32.22,31.98,32.33,31.96,156.35M,1.15%,0.011549995730655802
2015-06-11,32.15,32.29,32.54,32.12,141.56M,-0.23%,-0.0021749270651998964
2015-06-12,31.79,32.05,32.08,31.78,147.54M,-1.10%,-0.011260675760917086
2015-06-15,31.73,31.52,31.81,31.43,175.96M,-0.20%,-0.0018891693276071055
2015-06-16,31.9,31.76,31.96,31.59,125.98M,0.54%,0.0053434041956945495
2015-06-17,31.83,31.93,31.97,31.68,131.67M,-0.24%,-0.002196768496797474
2015-06-18,31.97,31.81,32.08,31.81,141.63M,0.46%,0.004388721777748585
2015-06-19,31.65,31.93,31.95,31.6,218.87M,-1.00%,-0.010059814481564887
2015-06-22,31.9,31.87,32.01,31.77,136.16M,0.80%,0.007867861200613738
2015-06-23,31.76,31.87,31.9,31.72,121.08M,-0.45%,-0.004398373411863781
2015-06-24,32.03,31.8,32.45,31.78,221.12M,0.85%,0.008465327242131764
2015-06-25,31.88,32.22,32.3,31.88,127.75M,-0.48%,-0.004694109699052569
2015-06-26,31.69,31.92,32.0,31.63,176.27M,-0.59%,-0.005977680219184863
2015-06-29,31.13,31.36,31.62,31.12,196.65M,-1.75%,-0.0178291892493126
2015-06-30,31.36,31.39,31.53,31.22,177.48M,0.72%,0.00736121102869037
2015-07-01,31.65,31.73,31.74,31.5,120.96M,0.94%,0.009204953107977991
2015-07-02,31.61,31.61,31.67,31.44,108.84M,-0.13%,-0.0012646223626588103
2015-07-06,31.5,31.24,31.56,31.21,112.24M,-0.35%,-0.003485980395938987
2015-07-07,31.42,31.47,31.54,30.94,187.79M,-0.25%,-0.0025429130041122487
2015-07-08,30.64,31.12,31.16,30.64,243.05M,-2.48%,-0.025138287955084625
2015-07-09,30.02,30.96,31.01,29.81,314.38M,-2.04%,-0.02044251866707473
2015-07-10,30.82,30.49,30.96,30.3,245.42M,2.67%,0.026300003686653788
2015-07-13,31.42,31.26,31.44,31.08,165.76M,1.93%,0.019280802935505558
2015-07-14,31.4,31.51,31.59,31.26,127.07M,-0.04%,-0.00063673991326754
2015-07-15,31.7,31.43,31.79,31.4,134.60M,0.96%,0.009508787969027356
2015-07-16,32.13,31.93,32.14,31.84,144.89M,1.33%,0.013473492244532254
2015-07-17,32.4,32.27,32.4,32.08,184.66M,0.86%,0.00836824967051658
2015-07-20,33.02,32.74,33.24,32.67,235.60M,1.89%,0.01895501569369838
2015-07-21,32.69,33.21,33.23,32.58,307.03M,-1.00%,-0.010044217755862882
2015-07-22,31.31,30.5,31.38,30.5,461.80M,-4.23%,-0.043131685397804875
2015-07-23,31.29,31.55,31.77,31.26,204.00M,-0.05%,-0.0006389776575235456
2015-07-24,31.13,31.33,31.43,30.98,168.65M,-0.53%,-0.005126573227273935
2015-07-27,30.69,30.77,30.9,30.53,177.82M,-1.39%,-0.014235115821871872
2015-07-28,30.84,30.84,30.98,30.64,134.47M,0.50%,0.004875680063483931
2015-07-29,30.75,30.79,30.88,30.57,148.05M,-0.32%,-0.0029225544426018536
2015-07-30,30.59,30.58,30.64,30.43,134.51M,-0.50%,-0.00521683608971483
2015-07-31,30.33,30.65,30.66,30.23,171.54M,-0.87%,-0.008535836462322354
2015-08-03,29.61,30.38,30.64,29.38,279.90M,-2.36%,-0.024025179586989763
2015-08-04,28.66,29.35,29.42,28.31,496.55M,-3.21%,-0.032609719713474095
2015-08-05,28.85,28.24,29.36,28.02,397.25M,0.66%,0.006607570554082855
2015-08-06,28.78,28.99,29.13,28.53,211.61M,-0.23%,-0.002429291494886767
2015-08-07,28.88,28.65,29.06,28.63,154.68M,0.34%,0.003468612565403574
2015-08-10,29.93,29.13,30.0,29.13,219.81M,3.64%,0.035712007839982046
2015-08-11,28.37,29.45,29.55,28.33,388.33M,-5.20%,-0.05352907304384759
2015-08-12,28.81,28.13,28.85,27.41,406.74M,1.54%,0.015390300275676977
2015-08-13,28.79,29.01,29.1,28.64,194.14M,-0.08%,-0.0006944444723525925
2015-08-14,28.99,28.58,29.08,28.5,171.72M,0.70%,0.006922838309479555
2015-08-17,29.29,29.01,29.41,28.88,163.54M,1.03%,0.010295217906077911
2015-08-18,29.13,29.11,29.36,29.0,138.24M,-0.56%,-0.005477589868298876
2015-08-19,28.75,29.02,29.13,28.67,193.15M,-1.28%,-0.013130803727983748
2015-08-20,28.16,28.52,28.59,27.91,274.01M,-2.05%,-0.02073523595351777
2015-08-21,26.44,27.61,27.98,26.41,513.10M,-6.12%,-0.06302451630635607
2015-08-24,25.78,23.72,27.2,23.0,648.83M,-2.50%,-0.02527901747244423
2015-08-25,25.93,27.78,27.78,25.88,414.41M,0.60%,0.00580160203953168
2015-08-26,27.42,26.77,27.47,26.26,387.10M,5.74%,0.0558720745835953
2015-08-27,28.23,28.06,28.31,27.5,338.46M,2.94%,0.029112568131229623
2015-08-28,28.32,28.04,28.33,27.89,212.66M,0.33%,0.0031830265601211125
2015-08-31,28.19,28.01,28.63,28.0,224.92M,-0.47%,-0.004600963699497837
2015-09-01,26.93,27.54,27.97,26.84,307.38M,-4.47%,-0.045726398302513745
2015-09-02,28.08,27.56,28.08,27.28,247.56M,4.29%,0.04181667233410279
2015-09-03,27.59,28.12,28.19,27.51,212.94M,-1.75%,-0.017604190928415628
2015-09-04,27.32,27.24,27.61,27.13,199.99M,-1.00%,-0.00983435352660543
2015-09-08,28.08,27.91,28.14,27.58,219.37M,2.78%,0.02743854445502103
2015-09-09,27.54,28.44,28.5,27.44,340.04M,-1.92%,-0.019418085857101513
2015-09-10,28.14,27.57,28.32,27.48,251.57M,2.20%,0.02155255838573428
2015-09-11,28.55,27.95,28.55,27.94,199.66M,1.46%,0.014464884415776168
2015-09-14,28.83,29.15,29.22,28.72,233.45M,0.96%,0.009759575548291476
2015-09-15,29.07,28.98,29.13,28.6,173.36M,0.84%,0.008290202920473881
2015-09-16,29.1,29.06,29.14,28.86,148.69M,0.11%,0.0010314596066622124
2015-09-17,28.48,28.92,29.12,28.43,256.45M,-2.14%,-0.021536087633671847
2015-09-18,28.36,28.05,28.58,27.97,297.14M,-0.41%,-0.00422238487984825
2015-09-21,28.8,28.42,28.84,28.42,200.89M,1.55%,0.015395685477973473
2015-09-22,28.35,28.34,28.55,28.13,201.38M,-1.57%,-0.015748356968139168
2015-09-23,28.58,28.41,28.68,28.33,143.03M,0.81%,0.008080142327960192
2015-09-24,28.75,28.31,28.88,28.09,200.88M,0.59%,0.005930594741638119
2015-09-25,28.68,29.11,29.17,28.5,224.61M,-0.25%,-0.002437751511939859
2015-09-28,28.11,28.46,28.64,28.11,208.44M,-1.98%,-0.020074630812979107
2015-09-29,27.26,28.21,28.38,26.97,293.46M,-3.01%,-0.030704958650053932
2015-09-30,27.58,27.54,27.89,27.18,265.89M,1.14%,0.011670446096768988
2015-10-01,27.4,27.27,27.41,26.83,255.72M,-0.65%,-0.0065478589711312485
2015-10-02,27.59,27.0,27.75,26.89,232.08M,0.73%,0.006910374835170129
2015-10-05,27.69,27.47,27.84,27.27,208.26M,0.36%,0.0036179489536757093
2015-10-06,27.83,27.66,27.93,27.44,195.43M,0.48%,0.005043238354928816
2015-10-07,27.69,27.93,27.94,27.35,187.06M,-0.48%,-0.0050432383549288504
2015-10-08,27.38,27.55,27.55,27.05,247.92M,-1.16%,-0.011258517322567762
2015-10-09,28.03,27.5,28.07,27.37,211.06M,2.39%,0.02346254531639425
2015-10-12,27.9,28.18,28.19,27.86,121.87M,-0.46%,-0.0046486763493771115
2015-10-13,27.95,27.7,28.11,27.67,132.20M,0.17%,0.0017905107737882938
2015-10-14,27.55,27.82,27.88,27.39,177.85M,-1.41%,-0.014414664002184654
2015-10-15,27.97,27.73,28.02,27.62,150.69M,1.50%,0.015129971614944768
2015-10-16,27.76,27.94,28.0,27.63,156.93M,-0.73%,-0.007536371575264505
2015-10-19,27.93,27.7,27.94,27.53,119.04M,0.62%,0.00610524431848161
2015-10-20,28.44,27.83,28.54,27.7,195.87M,1.83%,0.018095224977954835
2015-10-21,28.44,28.5,28.9,28.42,169.31M,0.00%,0.0
2015-10-22,28.88,28.58,28.88,28.52,166.62M,1.53%,0.015352709089585312
2015-10-23,29.77,29.17,29.81,29.08,237.47M,3.10%,0.030351861003059546
2015-10-26,28.82,29.52,29.53,28.73,265.34M,-3.19%,-0.032431584456309004
2015-10-27,28.64,28.85,29.14,28.5,279.54M,-0.63%,-0.006265248478931154
2015-10-28,29.82,29.23,29.83,29.01,342.21M,4.12%,0.040374967244147415
2015-10-29,30.13,29.67,30.17,29.57,204.91M,1.06%,0.010342043805617483
2015-10-30,29.88,30.25,30.31,29.86,197.46M,-0.85%,-0.008331992877593354
2015-11-02,30.3,29.97,30.34,29.9,128.81M,1.41%,0.013958352250706855
2015-11-03,30.64,30.2,30.87,30.17,182.08M,1.15%,0.011158632357067029
2015-11-04,30.5,30.78,30.95,30.41,179.54M,-0.47%,-0.004579661259024606
2015-11-05,30.23,30.46,30.67,30.05,158.21M,-0.89%,-0.008891874821999234
2015-11-06,30.26,30.28,30.45,30.16,132.17M,0.12%,0.0009918995688432274
2015-11-09,30.14,30.24,30.45,30.01,135.49M,-0.40%,-0.003973515161860495
2015-11-10,29.19,29.23,29.52,29.02,236.51M,-3.15%,-0.032027008332326044
2015-11-11,29.03,29.09,29.35,28.8,180.87M,-0.57%,-0.005496406829484907
2015-11-12,28.93,29.07,29.2,28.91,130.10M,-0.34%,-0.0034506590484948453
2015-11-13,28.08,28.8,28.89,28.07,183.25M,-2.92%,-0.029821539830433366
2015-11-16,28.54,27.84,28.56,27.75,152.43M,1.63%,0.016249032891080078
2015-11-17,28.42,28.73,28.76,28.33,110.47M,-0.42%,-0.004213489379735648
2015-11-18,29.32,28.94,29.37,28.88,186.70M,3.17%,0.03117675434949605
2015-11-19,29.69,29.41,29.94,29.19,173.18M,1.27%,0.012540411757217752
2015-11-20,29.83,29.8,29.98,29.71,137.15M,0.44%,0.004704309750988506
2015-11-23,29.44,29.82,29.93,29.33,129.93M,-1.30%,-0.01316030466598158
2015-11-24,29.72,29.33,29.84,29.28,171.21M,0.96%,0.009465925988882832
2015-11-25,29.51,29.8,29.81,29.48,85.55M,-0.72%,-0.007091030894710241
2015-11-27,29.45,29.57,29.6,29.4,52.19M,-0.19%,-0.0020352788572523635
2015-11-30,29.58,29.5,29.85,29.44,156.72M,0.42%,0.004404547185058091
2015-12-01,29.33,29.69,29.7,29.22,139.41M,-0.81%,-0.008487574293294066
2015-12-02,29.07,29.26,29.53,29.02,133.55M,-0.90%,-0.00890416841857501
2015-12-03,28.8,29.14,29.2,28.56,166.28M,-0.93%,-0.009331327428884305
2015-12-04,29.76,28.82,29.81,28.78,231.11M,3.32%,0.03278982282299097
2015-12-07,29.57,29.75,29.97,29.45,128.34M,-0.63%,-0.006404876100505345
2015-12-08,29.56,29.38,29.65,29.22,137.24M,-0.04%,-0.0003382377843848675
2015-12-09,28.91,29.41,29.42,28.77,185.45M,-2.21%,-0.02223454005174625
2015-12-10,29.04,29.01,29.24,28.88,116.85M,0.48%,0.004486633928340536
2015-12-11,28.3,28.8,28.85,28.21,187.54M,-2.57%,-0.025812385307403294
2015-12-14,28.12,28.05,28.17,27.45,260.01M,-0.62%,-0.006380737706727764
2015-12-15,27.62,27.99,28.2,27.59,213.29M,-1.77%,-0.017940918961318143
2015-12-16,27.83,27.77,28.0,27.2,224.95M,0.77%,0.007574427556653359
2015-12-17,27.25,28.0,28.06,27.25,179.09M,-2.12%,-0.021061054428546267
2015-12-18,26.51,27.23,27.38,26.45,385.81M,-2.71%,-0.027531500808318888
2015-12-21,26.83,26.82,26.84,26.39,190.36M,1.23%,0.011998644136598577
2015-12-22,26.81,26.85,26.93,26.61,131.16M,-0.09%,-0.0007457121896648515
2015-12-23,27.15,26.82,27.21,26.8,130.63M,1.29%,0.01260209413207658
2015-12-24,27.01,27.25,27.25,26.99,54.39M,-0.53%,-0.005169878575420181
2015-12-28,26.7,26.9,26.92,26.55,106.82M,-1.12%,-0.011543602398320434
2015-12-29,27.18,26.74,27.36,26.72,123.72M,1.80%,0.017817843316793893
2015-12-30,26.83,27.15,27.17,26.8,100.86M,-1.31%,-0.012960744285464986
2015-12-31,26.32,26.75,26.76,26.2,163.65M,-1.92%,-0.019191557980416295
2016-01-04,26.34,25.65,26.34,25.5,270.60M,0.09%,0.0007595898580185516
2016-01-05,25.68,26.44,26.46,25.6,223.16M,-2.51%,-0.02537621749337453
2016-01-06,25.17,25.14,25.59,24.97,273.83M,-1.96%,-0.020059669674535884
2016-01-07,24.11,24.67,25.03,24.11,324.38M,-4.22%,-0.04302611695414494
2016-01-08,24.24,24.64,24.78,24.19,283.19M,0.53%,0.005377469008033981
2016-01-11,24.63,24.74,24.76,24.33,198.96M,1.62%,0.015961050931332967
2016-01-12,24.99,25.14,25.17,24.71,196.62M,1.45%,0.01451053271441439
2016-01-13,24.35,25.08,25.3,24.33,249.76M,-2.57%,-0.025943895318262057
2016-01-14,24.88,24.49,25.12,23.93,252.68M,2.19%,0.021532418342379896
2016-01-15,24.28,24.05,24.43,23.84,319.34M,-2.40%,-0.024411301679681047
2016-01-19,24.17,24.6,24.66,23.88,212.35M,-0.48%,-0.004540771475905848
2016-01-20,24.2,23.77,24.55,23.35,289.34M,0.13%,0.0012404384472488783
2016-01-21,24.08,24.26,24.47,23.74,208.65M,-0.51%,-0.0049710127220204976
2016-01-22,25.35,24.66,25.36,24.59,263.20M,5.32%,0.051397109596572094
2016-01-25,24.86,25.38,25.38,24.8,207.18M,-1.95%,-0.019518643954627195
2016-01-26,25.0,24.98,25.22,24.52,300.31M,0.55%,0.0056157387856357035
2016-01-27,23.35,24.01,24.16,23.33,533.48M,-6.57%,-0.06827884075329438
2016-01-28,23.52,23.45,23.63,23.1,222.72M,0.72%,0.007254138915519687
2016-01-29,24.33,23.7,24.33,23.59,257.67M,3.45%,0.033859033765005014
2016-02-01,24.11,24.12,24.18,23.85,163.77M,-0.93%,-0.009083464602351536
2016-02-02,23.62,23.85,24.01,23.57,149.43M,-2.02%,-0.02053288142386335
2016-02-03,24.09,23.75,24.21,23.52,183.86M,1.98%,0.01970300585756374
2016-02-04,24.15,23.97,24.33,23.8,185.89M,0.26%,0.0024875634718017074
2016-02-05,23.5,24.13,24.23,23.42,185.67M,-2.67%,-0.02728395894846839
2016-02-08,23.75,23.28,23.92,23.26,216.09M,1.05%,0.010582109330537008
2016-02-09,23.75,23.57,23.99,23.48,177.32M,-0.02%,0.0
2016-02-10,23.57,23.98,24.09,23.52,169.37M,-0.76%,-0.0076078135326104355
2016-02-11,23.42,23.45,23.68,23.15,200.30M,-0.60%,-0.0063843587784684006
2016-02-12,23.5,23.55,23.63,23.25,161.41M,0.31%,0.003410062980541964
2016-02-16,24.16,23.75,24.21,23.65,196.23M,2.82%,0.02769795191650098
2016-02-17,24.53,24.17,24.55,24.04,179.45M,1.53%,0.015198485203783745
2016-02-18,24.07,24.71,24.72,24.02,156.08M,-1.90%,-0.018930606475417437
2016-02-19,24.01,24.0,24.19,23.95,141.50M,-0.23%,-0.0024958415618186345
2016-02-22,24.22,24.08,24.23,23.98,137.12M,0.87%,0.008708327891784193
2016-02-23,23.67,24.1,24.13,23.64,127.77M,-2.26%,-0.02297031459905355
2016-02-24,24.02,23.5,24.09,23.33,145.02M,1.49%,0.014678393125944883
2016-02-25,24.19,24.01,24.19,23.81,110.33M,0.69%,0.0070525079700983675
2016-02-26,24.23,24.3,24.51,24.15,115.96M,0.16%,0.0016522102064984677
2016-02-29,24.17,24.22,24.56,24.16,140.87M,-0.23%,-0.0024793401130427132
2016-03-01,25.13,24.41,25.19,24.35,201.63M,3.97%,0.03895015684010903
2016-03-02,25.19,25.13,25.22,24.91,132.68M,0.22%,0.0023847388090180418
2016-03-03,25.38,25.15,25.43,25.11,147.82M,0.74%,0.007514371921722746
2016-03-04,25.75,25.59,25.94,25.34,184.22M,1.49%,0.014473164823503516
2016-03-07,25.47,25.6,25.71,25.24,143.66M,-1.11%,-0.010933338118379562
2016-03-08,25.26,25.19,25.44,25.1,126.25M,-0.82%,-0.008279172069020535
2016-03-09,25.28,25.33,25.4,25.07,108.81M,0.09%,0.0007914523563115516
2016-03-10,25.29,25.35,25.56,25.04,134.05M,0.05%,0.00039549140321705326
2016-03-11,25.57,25.56,25.57,25.38,109.63M,1.08%,0.011010728621221582
2016-03-14,25.63,25.48,25.73,25.44,100.30M,0.25%,0.0023437510728843646
2016-03-15,26.15,25.99,26.3,25.96,160.27M,2.01%,0.02008565013495223
2016-03-16,26.49,26.15,26.58,26.15,153.21M,1.33%,0.012918112773046404
2016-03-17,26.45,26.38,26.62,26.24,137.68M,-0.16%,-0.0015111449796699388
2016-03-18,26.48,26.58,26.63,26.3,176.82M,0.11%,0.0011335727644991723
2016-03-21,26.48,26.48,26.91,26.29,142.01M,0.00%,0.0
2016-03-22,26.68,26.31,26.82,26.3,129.78M,0.76%,0.007524489978615501
2016-03-23,26.53,26.62,26.77,26.48,102.81M,-0.55%,-0.0056380528977746786
2016-03-24,26.42,26.37,26.56,26.22,104.53M,-0.43%,-0.004154869055468988
2016-03-28,26.3,26.5,26.55,26.26,77.65M,-0.45%,-0.0045523599104604125
2016-03-29,26.92,26.22,26.95,26.22,124.76M,2.37%,0.02330056559280832
2016-03-30,27.39,27.16,27.6,27.15,182.40M,1.75%,0.017308478498459675
2016-03-31,27.25,27.43,27.48,27.22,103.55M,-0.52%,-0.005124462165733682
2016-04-01,27.5,27.19,27.5,27.05,103.50M,0.92%,0.009132483563272474
2016-04-04,27.78,27.6,28.05,27.57,149.42M,1.03%,0.010130332653672207
2016-04-05,27.45,27.38,27.68,27.35,106.31M,-1.18%,-0.011950169370658084
2016-04-06,27.74,27.56,27.75,27.3,105.62M,1.05%,0.010509246931145787
2016-04-07,27.14,27.49,27.6,27.03,127.21M,-2.18%,-0.021866760479962333
2016-04-08,27.17,27.23,27.44,27.04,94.33M,0.11%,0.0011047690315333732
2016-04-11,27.25,27.24,27.65,27.21,117.63M,0.33%,0.0029400976709966567
2016-04-12,27.61,27.33,27.63,27.17,108.93M,1.30%,0.013124504832809894
2016-04-13,28.01,27.7,28.08,27.7,133.03M,1.45%,0.014383563329954082
2016-04-14,28.02,27.91,28.1,27.83,101.90M,0.05%,0.0003569516368437728
2016-04-15,27.46,28.03,28.08,27.43,187.76M,-2.01%,-0.02018814056903592
2016-04-18,26.87,27.22,27.24,26.74,243.29M,-2.16%,-0.021719977712425086
2016-04-19,26.73,26.97,27.0,26.56,129.54M,-0.53%,-0.005223892476572203
2016-04-20,26.78,26.66,27.02,26.51,122.44M,0.21%,0.0018688101121989175
2016-04-21,26.49,26.73,26.73,26.38,126.21M,-1.08%,-0.010888036979048244
2016-04-22,26.42,26.25,26.62,26.16,134.73M,-0.27%,-0.0026460041897989756
2016-04-25,26.27,26.25,26.41,26.13,112.13M,-0.57%,-0.005693695396730814
2016-04-26,26.09,25.98,26.33,25.98,224.06M,-0.69%,-0.006875504548811422
2016-04-27,24.45,24.0,24.68,23.92,458.41M,-6.26%,-0.06492188322775612
2016-04-28,23.71,24.4,24.47,23.56,328.97M,-3.06%,-0.030733315843566818
2016-04-29,23.43,23.5,23.68,23.13,274.13M,-1.15%,-0.011879647557609918
2016-05-02,23.41,23.49,23.52,23.1,192.64M,-0.11%,-0.0008539710168848731
2016-05-03,23.8,23.55,23.93,23.42,227.33M,1.64%,0.016522299174609744
2016-05-04,23.55,23.8,23.98,23.45,164.10M,-1.04%,-0.010559760215002217
2016-05-05,23.31,23.5,23.52,23.17,143.56M,-1.01%,-0.0102433674147611
2016-05-06,23.18,23.34,23.36,22.96,174.80M,-0.56%,-0.005592615136060115
2016-05-09,23.2,23.25,23.44,23.15,131.75M,0.08%,0.000862440760658704
2016-05-10,23.35,23.33,23.39,23.03,134.75M,0.68%,0.0064447054426421835
2016-05-11,23.13,23.37,23.39,23.11,114.88M,-0.97%,-0.009466507871558576
2016-05-12,22.58,23.18,23.19,22.37,305.26M,-2.35%,-0.024065917521831882
2016-05-13,22.63,22.5,22.92,22.5,177.57M,0.20%,0.002211900923930074
2016-05-16,23.47,23.1,23.6,22.91,245.04M,3.71%,0.03644655021748619
2016-05-17,23.37,23.64,23.67,23.25,187.67M,-0.42%,-0.004269861312165422
2016-05-18,23.64,23.54,23.8,23.47,168.25M,1.14%,0.011487043987130779
2016-05-19,23.55,23.66,23.66,23.39,121.77M,-0.38%,-0.0038143720754706774
2016-05-20,23.81,23.66,23.86,23.63,128.10M,1.08%,0.010979840036344654
2016-05-23,24.11,23.97,24.3,23.92,152.07M,1.27%,0.012521031694308304
2016-05-24,24.48,24.31,24.52,24.21,140.56M,1.52%,0.015229765451045657
2016-05-25,24.91,24.67,24.93,24.53,154.57M,1.76%,0.017412871629963658
2016-05-26,25.1,24.92,25.18,24.66,225.32M,0.79%,0.007598516863649204
2016-05-27,25.09,24.86,25.12,24.81,145.36M,-0.06%,-0.0003984857594073486
2016-05-31,24.97,24.9,25.1,24.7,169.23M,-0.49%,-0.004794256086649146
2016-06-01,24.61,24.75,24.89,24.58,116.69M,-1.40%,-0.014522239888717335
2016-06-02,24.43,24.4,24.46,24.16,160.77M,-0.75%,-0.007340979133315334
2016-06-03,24.48,24.45,24.57,24.36,114.02M,0.20%,0.0020445723744762284
2016-06-06,24.66,24.5,25.47,24.39,93.17M,0.73%,0.007326040092072881
2016-06-07,24.76,24.81,24.97,24.74,89.64M,0.41%,0.004046950080197072
2016-06-08,24.74,24.75,24.89,24.67,83.39M,-0.09%,-0.0008080808520536553
2016-06-09,24.91,24.63,25.0,24.61,106.41M,0.72%,0.006847962309747183
2016-06-10,24.71,24.63,24.84,24.62,126.85M,-0.82%,-0.008061309273570353
2016-06-13,24.33,24.67,24.78,24.27,152.08M,-1.51%,-0.01549786320508759
2016-06-14,24.36,24.33,24.62,24.19,127.73M,0.12%,0.0012322860462651017
2016-06-15,24.28,24.45,24.6,24.26,117.78M,-0.33%,-0.003289476650398646
2016-06-16,24.39,24.11,24.44,24.02,125.31M,0.42%,0.00452024603653138
2016-06-17,23.83,24.16,24.16,23.83,244.03M,-2.28%,-0.023227921117178297
2016-06-20,23.77,24.0,24.14,23.76,137.65M,-0.24%,-0.0025210097385481487
2016-06-21,23.98,23.74,24.09,23.67,142.19M,0.85%,0.008795868227265642
2016-06-22,23.89,24.06,24.22,23.84,116.88M,-0.38%,-0.003760188261650018
2016-06-23,24.02,23.99,24.07,23.81,128.96M,0.58%,0.005426855314119201
2016-06-24,23.35,23.23,23.66,23.16,301.25M,-2.81%,-0.028289832536931115
2016-06-27,23.01,23.25,23.26,22.88,186.49M,-1.46%,-0.014668080067631806
2016-06-28,23.4,23.23,23.42,23.03,161.78M,1.68%,0.01680711831638119
2016-06-29,23.6,23.49,23.64,23.41,146.12M,0.87%,0.00851068966790883
2016-06-30,23.9,23.61,23.94,23.58,143.35M,1.27%,0.012631746905900564
2016-07-01,23.97,23.87,24.12,23.83,104.11M,0.30%,0.002924589508828109
2016-07-05,23.75,23.85,23.85,23.61,110.82M,-0.94%,-0.009220517965642716
2016-07-06,23.88,23.65,23.92,23.59,123.80M,0.57%,0.005458758043751104
2016-07-07,23.99,23.92,24.13,23.91,100.56M,0.43%,0.004595788327201934
2016-07-08,24.17,24.12,24.22,24.01,115.65M,0.77%,0.007475117863788516
2016-07-11,24.25,24.19,24.41,24.18,95.18M,0.31%,0.0033044226681004925
2016-07-12,24.35,24.29,24.42,24.28,96.67M,0.45%,0.0041152321451065794
2016-07-13,24.22,24.35,24.42,24.21,103.57M,-0.56%,-0.005353111403652694
2016-07-14,24.7,24.35,24.75,24.33,155.68M,1.98%,0.019624505508985434
2016-07-15,24.69,24.73,24.83,24.63,120.55M,0.00%,-0.00040494027684325845
2016-07-18,24.96,24.67,25.03,24.65,145.98M,1.06%,0.010876240144138733
2016-07-19,24.97,24.89,25.0,24.83,95.12M,0.04%,0.0004005607904548782
2016-07-20,24.99,25.0,25.11,24.93,105.10M,0.09%,0.0008006405551792296
2016-07-21,24.86,24.96,25.25,24.78,130.81M,-0.53%,-0.005215658764295894
2016-07-22,24.67,24.82,24.83,24.58,113.25M,-0.77%,-0.007672155541299624
2016-07-25,24.33,24.56,24.71,24.23,161.53M,-1.34%,-0.013877773745834175
2016-07-26,24.17,24.2,24.49,24.1,224.96M,-0.69%,-0.006597962080039429
2016-07-27,25.74,26.07,26.09,25.69,369.38M,6.50%,0.06293400745258891
2016-07-28,26.08,25.71,26.11,25.7,159.48M,1.35%,0.013122534890471632
2016-07-29,26.05,26.05,26.14,25.92,110.93M,-0.12%,-0.0011509688590761891
2016-08-01,26.51,26.1,26.54,26.1,152.67M,1.77%,0.01750425210155825
2016-08-02,26.12,26.51,26.52,26.0,135.27M,-1.48%,-0.014820715892703909
2016-08-03,26.45,26.2,26.46,26.19,120.81M,1.25%,0.01255485389607811
2016-08-04,26.47,26.4,26.5,26.32,109.63M,0.08%,0.0007558579347014309
2016-08-05,26.87,26.57,26.91,26.55,162.21M,1.52%,0.014998406388389982
2016-08-08,27.09,26.88,27.09,26.79,112.15M,0.83%,0.008154233469603742
2016-08-09,27.2,27.06,27.24,27.0,105.26M,0.41%,0.004052317204947855
2016-08-10,27.0,27.18,27.23,26.94,96.03M,-0.74%,-0.007380107297622534
2016-08-11,26.98,27.13,27.23,26.96,109.94M,-0.06%,-0.0007410152247192192
2016-08-12,27.05,26.94,27.11,26.94,74.64M,0.23%,0.0025911545128807605
2016-08-15,27.37,27.03,27.39,27.02,103.47M,1.20%,0.011760517760097284
2016-08-16,27.34,27.41,27.56,27.3,135.18M,-0.09%,-0.001096691756784241
2016-08-17,27.31,27.27,27.34,27.08,101.42M,-0.15%,-0.0010978958101898674
2016-08-18,27.27,27.31,27.4,27.25,87.94M,-0.13%,-0.001465738628116483
2016-08-19,27.34,27.19,27.42,27.09,101.47M,0.26%,0.002563634438306437
2016-08-22,27.13,27.22,27.27,26.96,103.28M,-0.78%,-0.007710704624963168
2016-08-23,27.21,27.15,27.33,27.13,85.03M,0.31%,0.0029444261243145114
2016-08-24,27.01,27.14,27.19,26.92,94.70M,-0.75%,-0.00737738499063068
2016-08-25,26.89,26.85,26.97,26.67,100.34M,-0.43%,-0.0044526975237509795
2016-08-26,26.74,26.85,26.99,26.58,111.07M,-0.59%,-0.005593898606976243
2016-08-29,26.7,26.66,26.86,26.57,99.88M,-0.11%,-0.0014970062675932275
2016-08-30,26.5,26.45,26.63,26.38,99.46M,-0.77%,-0.00751883241402734
2016-08-31,26.52,26.42,26.64,26.41,118.65M,0.09%,0.0007544323254853224
2016-09-01,26.68,26.53,26.7,26.41,106.81M,0.59%,0.006015055729761189
2016-09-02,26.93,26.92,27.0,26.7,107.21M,0.94%,0.009326685776084635
2016-09-06,26.92,26.98,27.08,26.88,107.52M,-0.03%,-0.00037140204698040097
2016-09-07,27.09,26.96,27.19,26.77,169.46M,0.61%,0.006295151320476666
2016-09-08,26.38,26.81,26.82,26.31,212.01M,-2.62%,-0.02655850880783524
2016-09-09,25.78,26.16,26.43,25.78,186.23M,-2.26%,-0.02300714977812714
2016-09-12,26.36,25.66,26.43,25.63,181.17M,2.24%,0.02224871212326517
2016-09-13,26.99,26.88,27.2,26.81,248.70M,2.38%,0.023618717395606843
2016-09-14,27.94,27.18,28.26,27.15,449.36M,3.54%,0.034592926798902655
2016-09-15,28.89,28.47,28.93,28.37,362.45M,3.40%,0.03343616064932818
2016-09-16,28.73,28.78,29.03,28.51,319.55M,-0.56%,-0.005553641486945683
2016-09-19,28.4,28.8,29.05,28.31,188.09M,-1.17%,-0.011552727824037934
2016-09-20,28.39,28.26,28.53,28.13,138.06M,0.00%,-0.00035217468228048067
2016-09-21,28.39,28.46,28.5,28.11,144.01M,0.00%,0.0
2016-09-22,28.66,28.59,28.74,28.5,124.30M,0.94%,0.009465451915145884
2016-09-23,28.18,28.6,28.7,27.89,209.92M,-1.67%,-0.0168899159294916
2016-09-26,28.22,27.91,28.35,27.89,119.48M,0.15%,0.0014184399541338495
2016-09-27,28.27,28.25,28.3,28.08,98.43M,0.19%,0.0017702252808311164
2016-09-28,28.49,28.42,28.66,28.36,118.56M,0.76%,0.007751976804317924
2016-09-29,28.05,28.29,28.45,27.95,143.55M,-1.55%,-0.015564516541111573
2016-09-30,28.26,28.11,28.34,27.95,145.52M,0.78%,0.007458745287676133
2016-10-03,28.13,28.18,28.26,28.07,86.81M,-0.47%,-0.0046107547546159365
2016-10-04,28.25,28.26,28.58,28.16,118.95M,0.43%,0.004256835090684461
2016-10-05,28.26,28.35,28.42,28.17,85.81M,0.04%,0.0003539196639313791
2016-10-06,28.47,28.42,28.58,28.28,115.12M,0.74%,0.007403524033564695
2016-10-07,28.51,28.58,28.64,28.38,97.43M,0.15%,0.0014040016346346406
2016-10-10,29.01,28.75,29.19,28.68,144.94M,1.74%,0.01738569520873211
2016-10-11,29.08,29.42,29.67,29.05,256.16M,0.22%,0.002410054532005897
2016-10-12,29.33,29.34,29.5,29.19,150.35M,0.89%,0.008560230324041022
2016-10-13,29.25,29.2,29.36,28.93,140.77M,-0.31%,-0.0027313093114941455
2016-10-14,29.41,29.47,29.54,29.28,142.61M,0.56%,0.005455178888038228
2016-10-17,29.39,29.33,29.46,29.19,94.50M,-0.07%,-0.0006802721350776282
2016-10-18,29.37,29.55,29.55,29.36,98.21M,-0.07%,-0.0006807352202972319
2016-10-19,29.28,29.31,29.44,28.45,80.14M,-0.30%,-0.0030690561174178833
2016-10-20,29.26,29.22,29.34,29.08,96.50M,-0.05%,-0.0006832935011325878
2016-10-21,29.15,29.2,29.23,29.07,92.77M,-0.39%,-0.003766482795477005
2016-10-24,29.41,29.27,29.43,29.25,94.15M,0.90%,0.008879839769402252
2016-10-25,29.56,29.49,29.59,29.33,192.52M,0.51%,0.005087343514097243
2016-10-26,28.9,28.58,28.92,28.33,264.54M,-2.25%,-0.022580500961614604
2016-10-27,28.62,28.85,28.97,28.52,138.25M,-0.96%,-0.009735820990081552
2016-10-28,28.43,28.47,28.8,28.36,151.45M,-0.66%,-0.006660848465396458
2016-10-31,28.39,28.41,28.56,28.3,105.68M,-0.16%,-0.0014079551780285776
2016-11-01,27.87,28.36,28.44,27.63,175.30M,-1.81%,-0.01848612899102294
2016-11-02,27.9,27.85,28.09,27.81,113.33M,0.09%,0.00107584733346311
2016-11-03,27.46,27.75,27.86,27.39,107.73M,-1.58%,-0.01589628848749486
2016-11-04,27.21,27.13,27.56,27.03,123.35M,-0.90%,-0.009145847544670078
2016-11-07,27.6,27.52,27.63,27.36,130.24M,1.44%,0.014231219927949514
2016-11-08,27.76,27.58,27.93,27.42,97.02M,0.59%,0.005780362915499549
2016-11-09,27.72,27.47,27.83,27.01,236.71M,-0.16%,-0.0014419613169014062
2016-11-10,26.95,27.77,27.77,26.46,228.54M,-2.79%,-0.028170876966696335
2016-11-11,27.11,26.78,27.22,26.64,136.58M,0.59%,0.005919366155567967
2016-11-14,26.43,26.93,26.95,26.02,204.70M,-2.51%,-0.02540293489437628
2016-11-15,26.78,26.64,26.92,26.54,129.06M,1.32%,0.013155611646828717
2016-11-16,27.5,26.67,27.56,26.65,235.36M,2.69%,0.0265306644094991
2016-11-17,27.49,27.45,27.59,27.21,110.53M,-0.04%,-0.0003637024953713558
2016-11-18,27.51,27.43,27.64,27.42,113.72M,0.10%,0.0007272727593289565
2016-11-21,27.93,27.53,28.0,27.5,117.06M,1.52%,0.015151805020602246
2016-11-22,27.95,27.99,28.1,27.85,103.86M,0.06%,0.00071581964402282
2016-11-23,27.81,27.84,27.88,27.58,109.71M,-0.51%,-0.0050215313552347
2016-11-25,27.95,27.78,27.97,27.74,45.90M,0.50%,0.005021531355234802
2016-11-28,27.89,27.86,28.12,27.85,108.78M,-0.20%,-0.002148997961710506
2016-11-29,27.86,27.69,28.01,27.52,114.12M,-0.10%,-0.001076233287738024
2016-11-30,27.63,27.9,28.05,27.57,144.65M,-0.84%,-0.008289829416334486
2016-12-01,27.37,27.59,27.74,27.26,148.35M,-0.93%,-0.009454615882737352
2016-12-02,27.48,27.29,27.52,27.21,106.11M,0.37%,0.004010944301560936
2016-12-05,27.28,27.5,27.51,27.06,137.30M,-0.72%,-0.00730463437888722
2016-12-06,27.49,27.38,27.59,27.3,104.78M,0.77%,0.007668469201892877
2016-12-07,27.76,27.32,27.8,27.29,119.99M,0.98%,0.009773833461449588
2016-12-08,28.03,27.72,28.11,27.65,108.27M,0.98%,0.009679229538093135
2016-12-09,28.49,28.08,28.67,28.08,137.61M,1.63%,0.016277783333119945
2016-12-12,28.33,28.32,28.75,28.12,105.50M,-0.57%,-0.0056318346673917405
2016-12-13,28.8,28.46,28.98,28.44,174.94M,1.67%,0.016454073299475173
2016-12-14,28.8,28.76,29.05,28.75,136.13M,0.00%,0.0
2016-12-15,28.95,28.84,29.18,28.81,186.10M,0.55%,0.00519481687710393
2016-12-16,28.99,29.12,29.13,28.91,177.40M,0.13%,0.0013807389145599409
2016-12-19,29.16,28.95,29.34,28.94,111.12M,0.58%,0.005846964206893408
2016-12-20,29.24,29.18,29.38,29.17,85.70M,0.27%,0.0027397277411202693
2016-12-21,29.26,29.2,29.35,29.19,95.13M,0.09%,0.0006837607104006278
2016-12-22,29.07,29.09,29.13,28.91,104.34M,-0.66%,-0.006514681021193754
2016-12-23,29.13,28.9,29.13,28.9,57.00M,0.20%,0.002061856400558556
2016-12-27,29.32,29.13,29.45,29.12,73.19M,0.64%,0.006501306047107654
2016-12-28,29.19,29.38,29.5,29.05,83.62M,-0.43%,-0.0044436921524273094
2016-12-29,29.18,29.11,29.28,29.1,60.16M,-0.03%,-0.00034264177138389136
2016-12-30,28.95,29.16,29.3,28.86,122.35M,-0.78%,-0.007913339075635397
2017-01-03,29.04,28.95,29.08,28.69,115.13M,0.28%,0.0031039859375910123
2017-01-04,29.0,28.96,29.13,28.94,84.47M,-0.11%,-0.0013783599701212709
2017-01-05,29.15,28.98,29.22,28.95,88.77M,0.51%,0.005159082810027202
2017-01-06,29.48,29.19,29.54,29.12,127.01M,1.11%,0.011257154524634468
2017-01-09,29.75,29.49,29.86,29.49,134.25M,0.92%,0.009117064670502953
2017-01-10,29.78,29.69,29.84,29.58,97.85M,0.10%,0.0010078952642242893
2017-01-11,29.94,29.68,29.98,29.65,110.35M,0.54%,0.005358351735619436
2017-01-12,29.81,29.72,29.83,29.55,108.34M,-0.42%,-0.004351471301502356
2017-01-13,29.76,29.78,29.91,29.7,104.45M,-0.18%,-0.0016786977250888865
2017-01-17,30.0,29.58,30.06,29.56,137.76M,0.81%,0.008032171697264253
2017-01-18,30.0,30.0,30.13,29.93,94.85M,0.00%,0.0
2017-01-19,29.94,29.85,30.02,29.84,102.39M,-0.18%,-0.0020020026706730793
2017-01-20,30.0,30.11,30.11,29.93,130.39M,0.18%,0.0020020026706729687
2017-01-23,30.02,30.0,30.2,29.94,88.20M,0.07%,0.0006664445431604468
2017-01-24,29.99,29.89,30.02,29.88,92.84M,-0.09%,-0.0009998334443982334
2017-01-25,30.47,30.1,30.52,30.07,130.35M,1.59%,0.01587860023670004
2017-01-26,30.49,30.42,30.61,30.4,105.35M,0.05%,0.0006561680025457063
2017-01-27,30.49,30.53,30.59,30.4,82.25M,0.00%,0.0
2017-01-30,30.41,30.23,30.41,30.17,121.51M,-0.26%,-0.0026272593108901334
2017-01-31,30.34,30.29,30.35,30.16,196.80M,-0.23%,-0.002304527768887134
2017-02-01,32.19,31.76,32.62,31.75,447.94M,6.10%,0.059188871390330446
2017-02-02,32.13,31.99,32.35,31.94,134.84M,-0.17%,-0.0018656721829495117
2017-02-03,32.27,32.08,32.3,32.04,98.03M,0.43%,0.0043478329361034225
2017-02-06,32.57,32.28,32.63,32.22,107.38M,0.94%,0.009253613224271661
2017-02-07,32.88,32.63,33.02,32.61,152.74M,0.95%,0.009472950899837091
2017-02-08,33.01,32.84,33.06,32.81,92.02M,0.39%,0.003945975677122432
2017-02-09,33.1,32.91,33.11,32.78,113.40M,0.29%,0.002722736517915779
2017-02-10,33.03,33.12,33.24,33.01,80.26M,-0.23%,-0.0021170429803189237
2017-02-13,33.32,33.27,33.46,33.19,92.14M,0.89%,0.0087415778959436
2017-02-14,33.76,33.37,33.77,33.31,132.90M,1.30%,0.013118852429114284
2017-02-15,33.88,33.88,34.07,33.65,142.49M,0.36%,0.003548200056097398
2017-02-16,33.84,33.92,33.97,33.71,90.34M,-0.12%,-0.0011813350458310943
2017-02-17,33.93,33.78,33.96,33.78,88.79M,0.28%,0.0026560440581162104
2017-02-21,34.17,34.06,34.19,33.99,98.03M,0.72%,0.0070484873310618125
2017-02-22,34.28,34.11,34.28,34.03,83.35M,0.30%,0.003214027602378569
2017-02-23,34.13,34.35,34.37,34.08,83.15M,-0.42%,-0.004385330810963278
2017-02-24,34.17,33.98,34.17,33.82,87.11M,0.10%,0.001171303208584816
2017-02-27,34.23,34.28,34.36,34.07,81.03M,0.20%,0.001754386414893374
2017-02-28,34.25,34.27,34.36,34.17,93.93M,0.04%,0.0005841121661405102
2017-03-01,34.95,34.47,35.04,34.4,145.66M,2.04%,0.020231903971585117
2017-03-02,34.74,35.0,35.07,34.69,104.84M,-0.59%,-0.006026707866860375
2017-03-03,34.94,34.69,34.96,34.65,86.28M,0.59%,0.005740543892951454
2017-03-06,34.83,34.84,34.94,34.65,87.00M,-0.31%,-0.0031532203280006357
2017-03-07,34.88,34.76,34.99,34.7,69.79M,0.13%,0.0014345146628691266
2017-03-08,34.75,34.74,34.95,34.71,74.83M,-0.37%,-0.0037340270299777954
2017-03-09,34.67,34.69,34.7,34.26,88.62M,-0.23%,-0.0023048123138689836
2017-03-10,34.78,34.81,34.84,34.66,78.45M,0.33%,0.0031677492292049992
2017-03-13,34.8,34.71,34.86,34.71,69.69M,0.04%,0.0005748778542915947
2017-03-14,34.75,34.83,34.91,34.71,61.24M,-0.15%,-0.0014378147696274715
2017-03-15,35.12,34.85,35.19,34.76,102.77M,1.06%,0.010591196756114758
2017-03-16,35.17,35.18,35.26,35.06,76.93M,0.16%,0.001422677718975328
2017-03-17,35.0,35.25,35.25,34.97,175.54M,-0.50%,-0.00484538499647745
2017-03-20,35.37,35.1,35.38,35.06,86.17M,1.05%,0.010515941727975455
2017-03-21,34.96,35.53,35.7,34.93,158.12M,-1.15%,-0.011659452430054475
2017-03-22,35.35,34.96,35.4,34.94,103.44M,1.13%,0.011093841555247003
2017-03-23,35.23,35.31,35.4,35.15,81.39M,-0.35%,-0.003400399989435657
2017-03-24,35.16,35.38,35.44,35.09,89.58M,-0.20%,-0.0019889195361700784
2017-03-27,35.22,34.85,35.31,34.65,94.30M,0.17%,0.0017050302510839691
2017-03-28,35.95,35.23,36.01,35.15,133.50M,2.07%,0.020514981098995685
2017-03-29,36.03,35.92,36.12,35.8,116.76M,0.22%,0.0022228405929461993
2017-03-30,35.98,36.05,36.13,35.88,84.83M,-0.13%,-0.001388696237614893
2017-03-31,35.92,35.93,36.07,35.75,78.65M,-0.19%,-0.0016689850883880742
2017-04-03,35.92,35.93,36.03,35.76,79.94M,0.03%,0.0
2017-04-04,36.19,35.81,36.22,35.79,79.57M,0.74%,0.007488594141652082
2017-04-05,36.01,36.06,36.37,35.95,110.87M,-0.52%,-0.004986159914867216
2017-04-06,35.92,36.07,36.13,35.86,84.60M,-0.25%,-0.0025024342267848617
2017-04-07,35.83,35.93,36.04,35.82,66.69M,-0.22%,-0.0025087121171364765
2017-04-10,35.79,35.9,35.97,35.72,75.73M,-0.12%,-0.0011170065389280253
2017-04-11,35.41,35.74,35.84,35.01,121.52M,-1.08%,-0.010674258654122122
2017-04-12,35.45,35.4,35.54,35.25,81.40M,0.12%,0.0011289868543243884
2017-04-13,35.26,35.48,35.6,35.26,71.29M,-0.53%,-0.005374076008412485
2017-04-17,35.46,35.37,35.47,35.22,66.33M,0.55%,0.005656123676337785
2017-04-18,35.3,35.35,35.51,35.28,58.79M,-0.44%,-0.0045223367068108105
2017-04-19,35.17,35.47,35.5,35.11,69.31M,-0.37%,-0.0036895174533598273
2017-04-20,35.61,35.31,35.73,35.29,93.28M,1.25%,0.012433050803795163
2017-04-21,35.57,35.61,35.67,35.46,69.28M,-0.12%,-0.0011239113293224931
2017-04-24,35.91,35.88,35.99,35.79,68.54M,0.96%,0.009513222277627645
2017-04-25,36.13,35.98,36.22,35.97,75.49M,0.62%,0.006107736921557495
2017-04-26,35.92,36.12,36.15,35.84,80.16M,-0.59%,-0.005829301725549976
2017-04-27,35.95,35.98,36.04,35.83,56.99M,0.08%,0.0008348407330568268
2017-04-28,35.91,36.02,36.08,35.82,83.44M,-0.10%,-0.0011132759290643501
2017-05-01,36.65,36.28,36.8,36.24,134.41M,2.04%,0.020397620094669135
2017-05-02,36.88,36.88,37.02,36.71,181.41M,0.63%,0.006255970355732659
2017-05-03,36.76,36.4,36.87,36.07,182.79M,-0.31%,-0.003259101200906943
2017-05-04,36.63,36.63,36.78,36.45,93.49M,-0.36%,-0.0035427206967632153
2017-05-05,37.24,36.69,37.24,36.69,109.31M,1.66%,0.016515875618143216
2017-05-08,38.25,37.26,38.42,37.26,195.01M,2.72%,0.02676010786367849
2017-05-09,38.5,38.47,38.72,38.36,156.52M,0.64%,0.006514681021193672
2017-05-10,38.31,38.41,38.49,38.03,103.22M,-0.47%,-0.004947282581180893
2017-05-11,38.49,38.11,38.52,38.08,109.02M,0.45%,0.004687508583097022
2017-05-12,39.03,38.67,39.1,38.67,130.11M,1.40%,0.013932113896868917
2017-05-15,38.92,39.0,39.16,38.76,104.04M,-0.26%,-0.0028223238747193116
2017-05-16,38.87,38.99,39.01,38.68,80.19M,-0.15%,-0.0012855124536725897
2017-05-17,37.56,38.4,38.64,37.43,203.07M,-3.36%,-0.034283090524069526
2017-05-18,38.13,37.82,38.33,37.78,134.27M,1.52%,0.015061719529410217
2017-05-19,38.26,38.35,38.49,38.16,107.84M,0.34%,0.00340359014263423
2017-05-22,38.5,38.5,38.65,38.23,91.87M,0.61%,0.006253277281631694
2017-05-23,38.45,38.72,38.72,38.33,79.68M,-0.12%,-0.0012995453420855034
2017-05-24,38.33,38.46,38.54,38.17,76.88M,-0.30%,-0.0031258165591893853
2017-05-25,38.47,38.43,38.59,38.26,76.94M,0.35%,0.0036458373717400956
2017-05-26,38.4,38.5,38.56,38.33,87.71M,-0.17%,-0.001821257170522619
2017-05-30,38.42,38.35,38.61,38.33,80.51M,0.04%,0.0005206977467296092
2017-05-31,38.19,38.49,38.54,38.1,97.80M,-0.59%,-0.006004456102985796
2017-06-01,38.29,38.29,38.33,38.06,65.62M,0.27%,0.002615064251778311
2017-06-02,38.86,38.4,38.86,38.22,111.08M,1.48%,0.014776678460090818
2017-06-05,38.48,38.58,38.61,38.37,101.33M,-0.98%,-0.0098268181517883
2017-06-06,38.61,38.47,38.95,38.44,106.50M,0.34%,0.003372684478639377
2017-06-07,38.84,38.76,38.99,38.62,84.28M,0.60%,0.005939333146979208
2017-06-08,38.75,38.81,38.88,38.6,85.00M,-0.24%,-0.002319887623768201
2017-06-09,37.24,38.8,38.8,36.51,259.53M,-3.88%,-0.03974730339048961
2017-06-12,36.35,36.44,36.52,35.63,289.23M,-2.39%,-0.024189248429337926
2017-06-13,36.65,36.79,36.86,36.29,136.66M,0.80%,0.008219224353132106
2017-06-14,36.29,36.88,36.88,35.96,126.12M,-0.98%,-0.00987120710768151
2017-06-15,36.07,35.83,36.12,35.55,128.66M,-0.60%,-0.0060807263095312815
2017-06-16,35.57,35.94,36.13,35.55,201.44M,-1.40%,-0.013958908955083829
2017-06-19,36.58,35.92,36.69,35.92,130.17M,2.86%,0.0279990570023558
2017-06-20,36.25,36.72,36.72,36.24,99.60M,-0.91%,-0.009062261662035848
2017-06-21,36.47,36.38,36.52,36.15,85.06M,0.59%,0.0060506235199051465
2017-06-22,36.41,36.44,36.67,36.28,76.43M,-0.16%,-0.0016465426332468718
2017-06-23,36.57,36.28,36.79,36.28,141.76M,0.45%,0.004384769973947896
2017-06-26,36.46,36.79,37.07,36.35,102.77M,-0.31%,-0.0030124629107728634
2017-06-27,35.93,36.25,36.54,35.9,99.05M,-1.43%,-0.01464316812508964
2017-06-28,36.46,36.12,36.53,35.79,88.33M,1.46%,0.014643168125089671
2017-06-29,35.92,36.18,36.28,35.57,126.00M,-1.47%,-0.014921525816518075
2017-06-30,36.01,36.11,36.24,35.94,92.10M,0.24%,0.00250243422678497
2017-07-03,35.88,36.22,36.33,35.78,57.11M,-0.36%,-0.0036166404701883275
2017-07-05,36.02,35.92,36.2,35.68,86.28M,0.41%,0.003894302557214685
2017-07-06,35.68,35.76,35.88,35.6,96.52M,-0.94%,-0.009484032036001495
2017-07-07,36.04,35.72,36.19,35.72,76.81M,1.02%,0.01003912502832862
2017-07-10,36.26,36.03,36.49,35.84,84.36M,0.61%,0.006085772586567901
2017-07-11,36.38,36.18,36.46,36.1,79.13M,0.32%,0.003303967763271382
2017-07-12,36.44,36.47,36.54,36.21,99.54M,0.14%,0.0016478993017812922
2017-07-13,36.94,36.38,37.12,36.36,100.80M,1.39%,0.013627902379336233
2017-07-14,37.26,36.99,37.33,36.83,80.53M,0.86%,0.008625390402348491
2017-07-17,37.39,37.21,37.72,37.14,95.17M,0.35%,0.0034829238155799683
2017-07-18,37.52,37.3,37.53,37.17,71.48M,0.35%,0.0034708351490016173
2017-07-19,37.76,37.62,37.85,37.49,83.69M,0.63%,0.0063762171392758435
2017-07-20,37.58,37.88,37.94,37.55,68.97M,-0.45%,-0.004778347291980698
2017-07-21,37.57,37.5,37.61,37.22,105.01M,-0.05%,-0.0002661343994416786
2017-07-24,38.02,37.65,38.11,37.47,85.97M,1.21%,0.011906477474405739
2017-07-25,38.19,37.95,38.46,37.95,75.42M,0.43%,0.00446136417714168
2017-07-26,38.37,38.34,38.48,38.26,63.12M,0.47%,0.004702203021436102
2017-07-27,37.64,38.44,38.5,36.83,129.91M,-1.89%,-0.019208589541682093
2017-07-28,37.38,37.47,37.56,37.3,68.85M,-0.70%,-0.006931512689762089
2017-07-31,37.18,37.47,37.58,37.03,79.38M,-0.52%,-0.005364819734118928
2017-08-01,37.51,37.28,37.56,37.1,141.47M,0.89%,0.008836581800497944
2017-08-02,39.28,39.82,39.94,39.04,279.75M,4.73%,0.04610791939246925
2017-08-03,38.89,39.26,39.3,38.76,108.39M,-1.00%,-0.009978335318609225
2017-08-04,39.1,39.02,39.35,38.92,82.24M,0.53%,0.005385318823664092
2017-08-07,39.7,39.26,39.73,39.17,87.48M,1.55%,0.015228720701824683
2017-08-08,40.02,39.65,40.46,39.57,144.82M,0.80%,0.008028141462442608
2017-08-09,40.26,39.81,40.32,39.78,104.53M,0.61%,0.0059790910560580095
2017-08-10,38.83,39.97,40.0,38.66,163.22M,-3.56%,-0.036165276468069524
2017-08-11,39.37,39.15,39.64,39.02,105.03M,1.39%,0.01381096121207025
2017-08-14,39.96,39.83,40.05,39.69,88.49M,1.50%,0.014874848824706783
2017-08-15,40.4,40.17,40.55,40.03,117.86M,1.09%,0.01095083118675148
2017-08-16,40.24,40.49,40.63,40.04,110.69M,-0.40%,-0.003968259175620511
2017-08-17,39.47,40.13,40.18,39.46,111.76M,-1.92%,-0.019320636116728143
2017-08-18,39.38,39.47,39.88,39.18,109.71M,-0.23%,-0.002282816463776201
2017-08-21,39.3,39.38,39.47,38.78,105.47M,-0.18%,-0.0020335543357640593
2017-08-22,39.94,39.56,40.0,39.51,86.42M,1.63%,0.01615380911245353
2017-08-23,39.99,39.77,40.12,39.72,77.60M,0.13%,0.0012510948710579477
2017-08-24,39.82,40.11,40.19,39.64,79.28M,-0.44%,-0.004260124222676765
2017-08-25,39.97,39.91,40.14,39.82,101.92M,0.37%,0.003759874087181917
2017-08-28,40.37,40.03,40.5,39.98,103.86M,1.01%,0.009957762141617301
2017-08-29,40.73,40.03,40.78,40.0,118.07M,0.89%,0.008877986795471854
2017-08-30,40.84,40.95,40.97,40.65,109.08M,0.27%,0.0026970716361437454
2017-08-31,41.0,40.91,41.13,40.87,107.14M,0.40%,0.0039100734078428186
2017-09-01,41.01,41.2,41.24,40.91,66.36M,0.03%,0.00024387269966008016
2017-09-05,40.52,40.94,41.06,40.14,118.15M,-1.20%,-0.012020260023485144
2017-09-06,40.48,40.68,40.75,40.13,86.61M,-0.10%,-0.000987654401272652
2017-09-07,40.31,40.52,40.56,40.09,87.71M,-0.40%,-0.0042084478501355806
2017-09-08,39.66,40.22,40.29,39.63,114.45M,-1.63%,-0.016256454037424588
2017-09-11,40.38,40.13,40.51,39.97,126.32M,1.81%,0.017991489793041694
2017-09-12,40.22,40.65,40.99,39.69,286.86M,-0.40%,-0.003970228540185547
2017-09-13,39.91,39.97,39.99,39.48,179.63M,-0.75%,-0.007737465283863479
2017-09-14,39.57,39.75,39.85,39.52,95.04M,-0.86%,-0.008555663663309516
2017-09-15,39.97,39.62,40.24,39.5,196.46M,1.01%,0.0100579173258993
2017-09-18,39.67,40.03,40.13,39.5,113.08M,-0.76%,-0.007533938196993277
2017-09-19,39.68,39.88,39.94,39.61,83.24M,0.04%,0.0002520478904332736
2017-09-20,39.02,39.47,39.56,38.46,211.81M,-1.68%,-0.01677294722170675
2017-09-21,38.35,38.95,38.95,38.19,150.05M,-1.72%,-0.017319807381699966
2017-09-22,37.97,38.01,38.07,37.64,186.58M,-0.98%,-0.00995815356955426
2017-09-25,37.64,37.5,37.96,37.29,177.55M,-0.88%,-0.008729059526532076
2017-09-26,38.28,37.94,38.48,37.92,146.64M,1.72%,0.016860251867574647
2017-09-27,38.56,38.45,38.68,38.38,102.02M,0.71%,0.007287903157591352
2017-09-28,38.32,38.47,38.57,38.17,88.02M,-0.62%,-0.006243516639685159
2017-09-29,38.53,38.3,38.53,38.0,105.20M,0.55%,0.005465205535406491
2017-10-02,38.45,38.56,38.61,38.18,74.80M,-0.20%,-0.002078462686413161
2017-10-03,38.62,38.5,38.77,38.48,64.92M,0.44%,0.004411581048715173
2017-10-04,38.37,38.41,38.47,38.12,80.66M,-0.65%,-0.006494372741507417
2017-10-05,38.85,38.54,38.86,38.51,85.14M,1.24%,0.012432172554795623
2017-10-06,38.83,38.74,38.87,38.64,69.63M,-0.06%,-0.0005149330700805622
2017-10-09,38.96,38.95,39.18,38.87,65.05M,0.35%,0.003342335030758537
2017-10-10,38.97,39.01,39.5,38.78,62.47M,0.04%,0.00025664057628353514
2017-10-11,39.14,38.99,39.24,38.94,67.62M,0.42%,0.0043528426173124095
2017-10-12,39.0,39.09,39.34,38.93,64.50M,-0.35%,-0.003583315838283796
2017-10-13,39.25,39.18,39.32,39.1,65.58M,0.63%,0.006389798098770988
2017-10-16,39.97,39.47,40.0,39.41,96.49M,1.84%,0.018177728494814756
2017-10-17,40.12,39.94,40.22,39.81,75.99M,0.37%,0.003745790370502631
2017-10-18,39.94,40.1,40.18,39.9,65.50M,-0.44%,-0.004496635106065639
2017-10-19,38.99,39.19,39.27,38.76,170.34M,-2.37%,-0.02407312499316311
2017-10-20,39.06,39.15,39.44,38.99,95.90M,0.17%,0.0017937224540269007
2017-10-23,39.04,39.22,39.42,38.88,87.94M,-0.05%,-0.0005121639036412221
2017-10-24,39.28,39.07,39.35,39.05,71.03M,0.60%,0.006128721941373546
2017-10-25,39.1,39.23,39.39,38.82,84.83M,-0.44%,-0.004593016494945097
2017-10-26,39.35,39.31,39.46,39.19,68.00M,0.64%,0.006373507872092201
2017-10-27,40.76,39.82,40.9,39.67,177.82M,3.58%,0.03520523349111164
2017-10-30,41.68,40.97,42.02,40.93,178.80M,2.25%,0.022320189090587382
2017-10-31,42.26,41.97,42.41,41.74,144.19M,1.39%,0.01381961474279905
2017-11-01,41.72,42.47,42.49,41.4,134.55M,-1.27%,-0.012860382055338883
2017-11-02,42.03,41.91,42.13,41.32,165.57M,0.73%,0.007403018884453741
2017-11-03,43.13,43.5,43.56,42.78,237.59M,2.61%,0.02583516164272644
2017-11-06,43.56,43.09,43.75,42.93,140.11M,1.01%,0.009920487405007927
2017-11-07,43.7,43.48,43.81,43.4,97.45M,0.32%,0.0032088040367847957
2017-11-08,44.06,43.67,44.06,43.58,97.64M,0.82%,0.008204239272652528
2017-11-09,43.97,43.78,44.02,43.28,117.93M,-0.20%,-0.0020447581814783686
2017-11-10,43.67,43.78,43.85,43.57,100.58M,-0.69%,-0.006846215695249129
2017-11-13,43.49,43.38,43.63,43.35,67.93M,-0.40%,-0.004130340887922514
2017-11-14,42.83,43.26,43.37,42.79,99.13M,-1.51%,-0.015292234982267523
2017-11-15,42.27,42.49,42.58,42.1,116.63M,-1.32%,-0.01316117704858091
2017-11-16,42.78,42.79,42.97,42.58,94.55M,1.19%,0.011993089075560898
2017-11-17,42.54,42.76,42.85,42.41,87.60M,-0.56%,-0.005625893882168437
2017-11-20,42.49,42.57,42.64,42.39,65.05M,-0.10%,-0.0011760556453708198
2017-11-21,43.28,42.69,43.42,42.69,100.53M,1.86%,0.018421880411505852
2017-11-22,43.74,43.34,43.75,43.26,102.36M,1.05%,0.010572380710395667
2017-11-24,43.74,43.78,43.88,43.66,56.11M,0.00%,0.0
2017-11-27,43.52,43.76,43.77,43.33,82.87M,-0.50%,-0.00504241270093462
2017-11-28,43.27,43.58,43.72,42.97,105.72M,-0.59%,-0.005761048310893761
2017-11-29,42.37,43.16,43.23,41.79,166.67M,-2.07%,-0.02101898959832569
2017-11-30,42.96,42.61,43.03,42.11,166.11M,1.40%,0.013828885562141563
2017-12-01,42.76,42.49,42.92,42.13,159.04M,-0.47%,-0.00466636404376485
2017-12-04,42.45,43.12,43.15,42.41,130.17M,-0.73%,-0.007276173399488044
2017-12-05,42.41,42.26,42.88,42.1,109.40M,-0.09%,-0.000942729270857073
2017-12-06,42.25,41.88,42.55,41.62,114.24M,-0.37%,-0.0037798296833164327
2017-12-07,42.33,42.26,42.61,42.23,102.69M,0.18%,0.0018917007296494126
2017-12-08,42.34,42.62,42.75,42.21,93.42M,0.03%,0.0002362111738869302
2017-12-11,43.17,42.3,43.22,42.2,141.10M,1.95%,0.019413543860666953
2017-12-12,42.92,43.04,43.1,42.87,77.64M,-0.56%,-0.00580789180488843
2017-12-13,43.07,43.13,43.38,43.0,95.27M,0.33%,0.00348878130352145
2017-12-14,43.06,43.1,43.28,42.91,81.91M,-0.03%,-0.00023220712980216927
2017-12-15,43.49,43.41,43.54,43.12,160.68M,1.02%,0.009936534673330092
2017-12-18,44.1,43.72,44.3,43.72,117.68M,1.41%,0.013928755843253184
2017-12-19,43.63,43.76,43.85,43.52,109.75M,-1.07%,-0.010714795317282002
2017-12-20,43.59,43.72,43.85,43.31,93.90M,-0.11%,-0.0009172208852170128
2017-12-21,43.75,43.54,44.01,43.53,83.80M,0.38%,0.0036638465533221426
2017-12-22,43.75,43.67,43.86,43.63,65.40M,0.00%,0.0
2017-12-26,42.64,42.7,42.87,42.42,132.74M,-2.54%,-0.025698832946034363
2017-12-27,42.65,42.53,42.69,42.43,85.99M,0.02%,0.00023449408009894773
2017-12-28,42.77,42.75,42.96,42.62,65.92M,0.28%,0.0028096483011293425
2017-12-29,42.31,42.63,42.65,42.31,104.00M,-1.08%,-0.01081345750684115
2018-01-02,43.06,42.54,43.08,42.31,102.22M,1.79%,0.017571027204240863
2018-01-03,43.06,43.13,43.64,42.99,118.07M,-0.02%,0.0
2018-01-04,43.26,43.13,43.37,43.02,89.74M,0.46%,0.004633928588695735
2018-01-05,43.75,43.36,43.84,43.26,94.64M,1.14%,0.011263192278710869
2018-01-08,43.59,43.59,43.9,43.48,82.27M,-0.37%,-0.0036638465533221543
2018-01-09,43.58,43.64,43.76,43.35,86.34M,-0.01%,-0.00022943673382750336
2018-01-10,43.57,43.29,43.58,43.25,95.84M,-0.02%,-0.00022948938712304625
2018-01-11,43.82,43.65,43.87,43.62,74.67M,0.57%,0.005721494037969825
2018-01-12,44.27,44.04,44.34,43.91,101.67M,1.03%,0.01021691257672935
2018-01-16,44.05,44.47,44.85,44.03,118.26M,-0.51%,-0.004981894361861325
2018-01-17,44.78,44.04,44.81,43.77,137.55M,1.65%,0.016436258788420303
2018-01-18,44.81,44.84,45.03,44.56,124.77M,0.09%,0.0006697176274428851
2018-01-19,44.62,44.65,44.9,44.35,129.70M,-0.45%,-0.004249139793665339
2018-01-22,44.25,44.33,44.44,44.15,108.43M,-0.82%,-0.008326817550447877
2018-01-23,44.26,44.33,44.86,44.21,130.76M,0.02%,0.00022596316896499895
2018-01-24,43.56,44.31,44.33,43.3,204.42M,-1.59%,-0.01594203655814374
2018-01-25,42.78,43.63,43.74,42.63,166.12M,-1.79%,-0.018068594410500165
2018-01-26,42.88,43.0,43.0,42.51,156.57M,0.23%,0.0023348131082870246
2018-01-29,41.99,42.54,42.54,41.77,202.56M,-2.07%,-0.02097402206644462
2018-01-30,41.74,41.38,41.84,41.17,184.19M,-0.59%,-0.005971593047047262
2018-01-31,41.86,41.72,42.11,41.63,129.92M,0.28%,0.00287081536879896
2018-02-01,41.94,41.79,42.15,41.69,188.92M,0.21%,0.0019093084559201516
2018-02-02,40.13,41.5,41.7,40.03,346.38M,-4.34%,-0.04411584119494839
2018-02-05,39.12,39.78,40.97,39.0,290.95M,-2.50%,-0.025490339112208937
2018-02-06,40.76,38.71,40.93,38.5,272.98M,4.18%,0.04106736318790753
2018-02-07,39.88,40.77,40.85,39.77,206.43M,-2.14%,-0.021826263260886398
2018-02-08,38.79,40.07,40.25,38.76,217.56M,-2.75%,-0.027712463641761876
2018-02-09,39.1,39.27,39.47,37.56,282.69M,0.81%,0.007959985539444386
2018-02-12,40.68,39.63,40.97,39.38,243.28M,4.03%,0.03961410418903908
2018-02-13,41.08,40.49,41.19,40.41,130.20M,1.00%,0.00978481387999827
2018-02-14,41.84,40.76,41.88,40.72,162.58M,1.84%,0.018331434696310194
2018-02-15,43.25,42.45,43.27,42.25,204.59M,3.36%,0.033144413621220795
2018-02-16,43.11,43.09,43.71,42.94,160.70M,-0.32%,-0.0032422446188450768
2018-02-20,42.96,43.01,43.56,42.85,135.72M,-0.34%,-0.003485538558434011
2018-02-21,42.77,43.21,43.53,42.75,149.89M,-0.45%,-0.00443252796179199
2018-02-22,43.13,42.95,43.49,42.93,123.97M,0.84%,0.008381888420934534
2018-02-23,43.88,43.42,43.91,43.38,135.25M,1.74%,0.017239824747277623
2018-02-26,44.74,44.09,44.85,44.05,152.65M,1.98%,0.019409320654954057
2018-02-27,44.6,44.78,45.12,44.54,155.71M,-0.32%,-0.00313409703596523
2018-02-28,44.53,44.81,45.15,44.51,151.13M,-0.15%,-0.0015707396924073676
2018-03-01,43.75,44.63,44.94,43.17,195.21M,-1.75%,-0.017671506529987557
2018-03-02,44.05,43.2,44.08,43.11,153.82M,0.69%,0.006833739578565117
2018-03-05,44.21,43.8,44.44,43.63,113.61M,0.35%,0.0036256554559633662
2018-03-06,44.17,44.48,44.56,44.03,95.15M,-0.08%,-0.0009051822297167491
2018-03-07,43.76,43.74,43.96,43.57,126.81M,-0.93%,-0.009325667494709398
2018-03-08,44.24,43.87,44.28,43.77,95.10M,1.09%,0.010909199100353751
2018-03-09,44.99,44.49,45.0,44.35,128.74M,1.72%,0.01681088563900159
2018-03-12,45.43,45.07,45.6,45.05,128.83M,0.97%,0.009732436918231054
2018-03-13,44.99,45.65,45.88,44.81,126.77M,-0.96%,-0.009732436918231
2018-03-14,44.61,45.08,45.13,44.45,117.47M,-0.85%,-0.008482193712907564
2018-03-15,44.66,44.63,45.06,44.52,90.98M,0.12%,0.0011201972718384212
2018-03-16,44.51,44.66,44.78,44.4,157.62M,-0.35%,-0.0033643633842487934
2018-03-19,43.83,44.33,44.37,43.42,133.79M,-1.53%,-0.015395368597045095
2018-03-20,43.81,43.81,44.2,43.74,78.60M,-0.03%,-0.00045641260491063336
2018-03-21,42.82,43.76,43.77,42.81,148.22M,-2.27%,-0.022856818664270365
2018-03-22,42.21,42.5,43.17,42.15,165.96M,-1.41%,-0.01434812336712929
2018-03-23,41.24,42.1,42.48,41.24,164.12M,-2.32%,-0.02324850064564818
2018-03-26,43.19,42.02,43.28,41.61,150.16M,4.75%,0.046200327823850536
2018-03-27,42.08,43.42,43.79,41.73,163.69M,-2.56%,-0.026036418543155304
2018-03-28,41.62,41.81,42.51,41.3,166.67M,-1.10%,-0.010991747463966079
2018-03-29,41.94,41.95,42.94,41.72,153.59M,0.78%,0.007659204508285546
2018-04-02,41.67,41.97,42.24,41.12,150.35M,-0.66%,-0.0064585800394117085
2018-04-03,42.1,41.91,42.19,41.22,121.11M,1.03%,0.01026629525397362
2018-04-04,42.9,41.22,43.0,41.19,138.42M,1.91%,0.018824085245635398
2018-04-05,43.2,43.15,43.56,43.02,107.73M,0.69%,0.0069686693160934355
2018-04-06,42.1,42.74,43.12,42.05,140.02M,-2.56%,-0.025792754561728953
2018-04-09,42.51,42.47,43.27,42.46,116.07M,0.99%,0.009691601682363037
2018-04-10,43.31,43.25,43.5,42.88,114.46M,1.88%,0.01864421285583669
2018-04-11,43.11,43.06,43.48,42.92,89.73M,-0.47%,-0.004628566467492126
2018-04-12,43.53,43.35,43.75,43.26,91.56M,0.99%,0.009695366805162989
2018-04-13,43.68,43.69,43.96,43.46,100.50M,0.34%,0.0034399758724434804
2018-04-16,43.96,43.76,44.05,43.71,86.31M,0.62%,0.006389798098770988
2018-04-17,44.56,44.12,44.73,44.1,106.42M,1.38%,0.013556466083608028
2018-04-18,44.46,44.45,44.71,44.22,83.02M,-0.22%,-0.002246687082978098
2018-04-19,43.2,43.74,43.85,43.17,139.24M,-2.83%,-0.028749413285985823
2018-04-20,41.43,42.65,42.8,41.36,261.96M,-4.10%,-0.04183523916075427
2018-04-23,41.31,41.71,41.73,41.02,146.06M,-0.29%,-0.002900654680637233
2018-04-24,40.74,41.42,41.58,40.31,134.77M,-1.39%,-0.013894190610013372
2018-04-25,40.91,40.65,41.35,40.6,113.53M,0.44%,0.004164121142647201
2018-04-26,41.06,41.03,41.43,40.84,111.85M,0.35%,0.0036598796494803896
2018-04-27,40.58,41.0,41.08,40.16,142.62M,-1.16%,-0.011759077193118956
2018-04-30,41.31,40.53,41.81,40.46,169.71M,1.81%,0.01782926701100461
2018-05-01,42.28,41.6,42.3,41.32,214.28M,2.32%,0.02320955959336377
2018-05-02,44.14,43.81,44.44,43.45,266.16M,4.42%,0.04305223982655353
2018-05-03,44.22,43.97,44.38,43.61,136.27M,0.18%,0.0018107746007097842
2018-05-04,45.96,44.56,46.06,44.54,224.81M,3.92%,0.038594277551254844
2018-05-07,46.29,46.29,46.92,46.19,169.81M,0.72%,0.007154502062624238
2018-05-08,46.51,46.25,46.56,45.92,113.61M,0.48%,0.004741388192826558
2018-05-09,46.84,46.64,46.85,46.31,92.84M,0.70%,0.007070195493511172
2018-05-10,47.51,46.94,47.59,46.91,111.96M,1.43%,0.014202676469313212
2018-05-11,47.15,47.37,47.51,46.86,104.85M,-0.76%,-0.00760620611936344
2018-05-14,47.04,47.25,47.38,46.97,83.12M,-0.23%,-0.0023357054890950613
2018-05-15,46.61,46.69,46.77,46.28,94.78M,-0.91%,-0.009183193205721935
2018-05-16,47.04,46.52,47.12,46.5,76.73M,0.93%,0.009183193205721796
2018-05-17,46.75,47.0,47.23,46.59,69.18M,-0.63%,-0.006184047855675405
2018-05-18,46.58,46.8,46.95,46.53,73.19M,-0.36%,-0.003642991278501092
2018-05-21,46.91,47.0,47.32,46.73,73.60M,0.71%,0.007059607884171673
2018-05-22,46.79,47.09,47.22,46.69,60.96M,-0.25%,-0.002561367462241633
2018-05-23,47.09,46.59,47.13,46.44,80.23M,0.64%,0.006391159377338332
2018-05-24,47.04,47.19,47.21,46.55,92.94M,-0.11%,-0.001062360665091812
2018-05-25,47.15,47.06,47.41,46.91,69.84M,0.23%,0.0023357054890949334
2018-05-29,46.97,46.9,47.19,46.72,90.06M,-0.36%,-0.0038249090405627164
2018-05-30,46.88,46.93,47.0,46.69,74.76M,-0.21%,-0.0019179547701464856
2018-05-31,46.72,46.81,47.06,46.53,109.93M,-0.34%,-0.003418806748785609
2018-06-01,47.56,47.0,47.56,46.94,93.77M,1.80%,0.017819733302609615
2018-06-04,47.96,47.91,48.35,47.84,105.06M,0.84%,0.008375258336732489
2018-06-05,48.33,48.27,48.49,48.09,86.26M,0.77%,0.0076851556976791965
2018-06-06,48.49,48.41,48.52,47.98,83.73M,0.35%,0.0033051052602682774
2018-06-07,48.37,48.53,48.55,48.08,85.39M,-0.27%,-0.002477804282369163
2018-06-08,47.92,47.79,48.0,47.44,106.63M,-0.91%,-0.009346833027697876
2018-06-11,47.81,47.84,47.99,47.55,73.23M,-0.25%,-0.0022981311691818436
2018-06-12,48.07,47.85,48.15,47.79,67.64M,0.55%,0.005423459267857208
2018-06-13,47.67,48.1,48.22,47.61,86.55M,-0.82%,-0.008356012689134945
2018-06-14,47.7,47.89,47.89,47.56,86.44M,0.05%,0.0006291286775613611
2018-06-15,47.21,47.51,47.54,47.06,246.88M,-1.03%,-0.010325663336100193
2018-06-18,47.19,46.97,47.31,46.8,73.94M,-0.05%,-0.0004237288198993028
2018-06-19,46.42,46.28,46.58,45.86,134.31M,-1.62%,-0.016451604892005055
2018-06-20,46.63,46.59,46.8,46.43,82.51M,0.44%,0.004513709973938562
2018-06-21,46.37,46.81,47.09,46.24,102.85M,-0.56%,-0.00559141241686017
2018-06-22,46.23,46.53,46.54,46.17,108.80M,-0.29%,-0.003023760403235411
2018-06-25,45.54,45.85,46.23,45.18,126.65M,-1.49%,-0.015037877364540446
2018-06-26,46.11,45.75,46.63,45.63,98.28M,1.24%,0.0124387855830207
2018-06-27,46.04,46.31,46.82,46.01,101.14M,-0.15%,-0.001519262364932328
2018-06-28,46.38,46.03,46.55,45.95,69.46M,0.73%,0.00735774797370372
2018-06-29,46.28,46.57,46.8,45.73,90.95M,-0.21%,-0.002158429501909835
2018-07-02,46.79,45.96,46.83,45.85,70.93M,1.12%,0.010959602552648981
2018-07-03,45.98,46.95,46.99,45.88,55.82M,-1.74%,-0.017462985543089424
2018-07-05,46.35,46.31,46.6,46.07,66.42M,0.80%,0.008014772676828777
2018-07-06,46.99,46.35,47.11,46.3,69.94M,1.39%,0.0137135211028601
2018-07-09,47.65,47.38,47.67,47.33,79.03M,1.39%,0.013947816985486639
2018-07-10,47.59,47.68,47.82,47.55,63.76M,-0.12%,-0.0012599749671919362
2018-07-11,46.97,47.13,47.44,46.9,75.33M,-1.30%,-0.013113555094115428
2018-07-12,47.76,47.38,47.85,47.33,72.16M,1.68%,0.016679369045442895
2018-07-13,47.83,47.77,47.96,47.72,50.08M,0.16%,0.0014645886078587765
2018-07-16,47.73,47.88,48.16,47.6,60.17M,-0.22%,-0.0020929266744003985
2018-07-17,47.86,47.44,47.97,47.3,62.14M,0.28%,0.0027199514624220663
2018-07-18,47.6,47.94,47.95,47.48,65.57M,-0.55%,-0.005447321242852911
2018-07-19,47.97,47.42,48.14,47.42,81.15M,0.78%,0.007743054276598207
2018-07-20,47.86,47.94,48.11,47.54,82.82M,-0.23%,-0.002295733033745268
2018-07-23,47.9,47.67,47.99,47.39,63.96M,0.09%,0.0008354219366422644
2018-07-24,48.25,48.11,48.42,48.01,74.79M,0.73%,0.007280323368125324
2018-07-25,48.71,48.27,48.71,48.11,67.31M,0.94%,0.00948852003345627
2018-07-26,48.55,48.65,48.99,48.4,76.30M,-0.31%,-0.003290153081117398
2018-07-27,47.74,48.75,48.8,47.53,96.10M,-1.66%,-0.016824573826649727
2018-07-30,47.48,47.97,48.05,47.27,84.12M,-0.56%,-0.005461051169216888
2018-07-31,47.57,47.58,48.03,47.33,157.49M,0.20%,0.001893740702722798
2018-08-01,50.38,49.78,50.44,49.33,271.74M,5.89%,0.05739196048027409
2018-08-02,51.85,50.15,52.1,50.09,249.62M,2.92%,0.028760663751072175
2018-08-03,52.0,51.76,52.19,51.37,133.79M,0.29%,0.0028887839058909185
2018-08-06,52.27,52.0,52.31,51.77,101.70M,0.52%,0.005178874143403144
2018-08-07,51.78,52.33,52.38,51.69,102.35M,-0.94%,-0.009418618401438967
2018-08-08,51.81,51.51,51.95,51.13,90.10M,0.07%,0.0005792065033054431
2018-08-09,52.22,51.82,52.44,51.8,93.97M,0.79%,0.007882382444285881
2018-08-10,51.88,51.84,52.28,51.67,98.44M,-0.65%,-0.006532203822739531
2018-08-13,52.22,51.92,52.74,51.92,103.56M,0.65%,0.006532203822739525
2018-08-14,52.44,52.54,52.64,52.06,82.99M,0.42%,0.004204095624516214
2018-08-15,52.56,52.31,52.69,52.08,115.23M,0.23%,0.0022857152808560825
2018-08-16,53.33,52.94,53.45,52.87,114.00M,1.46%,0.014543650436155752
2018-08-17,54.4,53.36,54.49,53.29,141.71M,2.00%,0.01986512924938607
2018-08-20,53.87,54.53,54.79,53.78,121.15M,-0.97%,-0.009790417169454578
2018-08-21,53.76,54.2,54.3,53.51,104.64M,-0.19%,-0.002044040477548308
2018-08-22,53.76,53.53,54.09,53.46,76.07M,0.00%,0.0
2018-08-23,53.87,53.66,54.26,53.65,75.53M,0.20%,0.002044040477548262
2018-08-24,54.04,54.15,54.22,53.78,73.91M,0.31%,0.0031507763995558408
2018-08-27,54.49,54.29,54.69,54.08,82.10M,0.82%,0.008292685503008929
2018-08-28,54.92,54.75,55.13,54.73,91.11M,0.81%,0.007860382304763287
2018-08-29,55.74,55.04,55.87,54.85,109.02M,1.49%,0.014820441154031841
2018-08-30,56.26,55.81,57.06,55.6,195.18M,0.92%,0.009285781007908545
2018-08-31,56.91,56.63,57.22,56.5,173.36M,1.16%,0.011487269553321819
2018-09-04,57.09,57.1,57.29,56.66,109.56M,0.32%,0.0031578973611354013
2018-09-05,56.72,57.25,57.42,56.28,133.33M,-0.65%,-0.0065020877522958855
2018-09-06,55.78,56.56,56.84,55.33,137.16M,-1.66%,-0.01671150002452908
2018-09-07,55.33,55.46,56.34,55.18,150.48M,-0.81%,-0.008100125289324618
2018-09-10,54.58,55.24,55.46,54.12,158.07M,-1.34%,-0.013647741629825981
2018-09-11,55.96,54.5,56.07,54.14,143.00M,2.53%,0.024969634517088057
2018-09-12,55.27,56.24,56.25,54.96,197.11M,-1.24%,-0.012406883952108809
2018-09-13,56.6,55.88,57.09,55.64,166.83M,2.42%,0.02377871936396574
2018-09-14,55.96,56.44,56.71,55.63,128.00M,-1.14%,-0.01137183541185686
2018-09-17,54.47,55.54,55.74,54.32,148.78M,-2.66%,-0.02698705840169738
2018-09-18,54.56,54.45,55.46,54.28,126.29M,0.17%,0.0016509221396235352
2018-09-19,54.59,54.63,54.9,53.83,108.50M,0.06%,0.0005497022584595213
2018-09-20,55.01,55.06,55.57,54.79,106.44M,0.76%,0.007664271093700415
2018-09-21,54.42,55.19,55.34,54.32,384.99M,-1.08%,-0.010783253532266366
2018-09-24,55.2,54.21,55.31,54.16,110.77M,1.44%,0.014231219927949514
2018-09-25,55.55,54.94,55.71,54.92,98.22M,0.63%,0.006320562802589237
2018-09-26,55.1,55.25,55.94,54.94,95.94M,-0.80%,-0.008133799926770144
2018-09-27,56.24,55.96,56.61,55.88,120.72M,2.06%,0.0204785313435407
2018-09-28,56.44,56.2,56.46,56.01,91.72M,0.35%,0.003549879482203777
2018-10-01,56.81,56.99,57.35,56.59,94.40M,0.67%,0.006534239584422254
2018-10-02,57.32,56.81,57.5,56.66,99.15M,0.89%,0.00893723639093546
2018-10-03,58.02,57.51,58.37,57.44,114.62M,1.22%,0.01213817573328685
2018-10-04,57.0,57.69,58.09,56.68,128.17M,-1.76%,-0.01773651085870783
2018-10-05,56.07,56.99,57.1,55.15,134.32M,-1.62%,-0.016450357698968954
2018-10-08,55.94,55.55,56.2,55.05,118.66M,-0.23%,-0.0023212223617675603
2018-10-09,56.72,55.91,56.82,55.56,107.56M,1.39%,0.013847194450058305
2018-10-10,54.09,56.37,56.59,54.01,167.96M,-4.63%,-0.047477556340536416
2018-10-11,53.61,53.63,54.88,53.08,212.50M,-0.88%,-0.008913708043889334
2018-10-12,55.53,55.1,55.72,54.21,161.35M,3.57%,0.035187797414069445
2018-10-15,54.34,55.29,55.46,54.32,123.16M,-2.14%,-0.021662811255314104
2018-10-16,55.54,54.73,55.75,54.19,116.74M,2.20%,0.021842877880451635
2018-10-17,55.3,55.58,55.66,54.83,91.54M,-0.43%,-0.004330573350364448
2018-10-18,54.01,54.47,54.94,53.25,130.33M,-2.34%,-0.023603693923489294
2018-10-19,54.83,54.51,55.31,54.36,132.31M,1.52%,0.01506827481115724
2018-10-22,55.16,54.95,55.84,54.74,115.17M,0.61%,0.006000563509143846
2018-10-23,55.68,53.96,55.81,53.67,155.07M,0.94%,0.00938296310106322
2018-10-24,53.77,55.65,56.06,53.63,163.70M,-3.43%,-0.03490532520457748
2018-10-25,54.95,54.43,55.35,54.19,119.42M,2.19%,0.021707990028043564
2018-10-26,54.08,53.97,55.05,53.17,189.03M,-1.59%,-0.015959249114921845
2018-10-29,53.06,54.8,54.92,51.52,183.74M,-1.88%,-0.019041083025114973
2018-10-30,53.33,52.79,53.79,52.32,146.64M,0.50%,0.005075675902917142
2018-10-31,54.72,54.22,55.11,54.15,153.44M,2.61%,0.02573024870178416
2018-11-01,55.56,54.76,55.59,54.2,233.29M,1.54%,0.015234244571847987
2018-11-02,51.87,52.39,53.41,51.36,365.31M,-6.63%,-0.06872292952283422
2018-11-05,50.4,51.08,51.1,49.54,264.65M,-2.84%,-0.028749413285985823
2018-11-06,50.94,50.48,51.18,50.42,127.53M,1.08%,0.010657294473987979
2018-11-07,52.49,51.49,52.51,51.03,133.70M,3.03%,0.029974205712897595
2018-11-08,52.12,52.49,52.53,51.69,101.45M,-0.70%,-0.007073923007564104
2018-11-09,51.12,51.39,51.5,50.56,137.46M,-1.93%,-0.019372942187364985
2018-11-12,48.54,49.75,49.96,48.45,204.54M,-5.04%,-0.05178760977082405
2018-11-13,48.06,47.91,49.29,47.86,187.53M,-1.00%,-0.009937969990132408
2018-11-14,46.7,48.47,48.62,46.48,243.20M,-2.82%,-0.02870606563347126
2018-11-15,47.85,47.1,47.99,46.72,185.92M,2.47%,0.024326953224111606
2018-11-16,48.38,47.63,48.74,47.37,147.71M,1.11%,0.011015387282918034
2018-11-19,46.47,47.5,47.67,46.25,167.68M,-3.96%,-0.040279562084994315
2018-11-20,44.24,44.59,45.37,43.88,271.30M,-4.78%,-0.04917758588280754
2018-11-21,44.19,44.93,45.07,44.14,124.50M,-0.11%,-0.0011308380714308197
2018-11-23,43.07,43.74,44.15,43.03,94.50M,-2.54%,-0.025671820076629277
2018-11-26,43.65,43.56,43.74,42.56,179.99M,1.35%,0.013376583219591905
2018-11-27,43.56,42.88,43.69,42.72,165.55M,-0.22%,-0.002063984220851371
2018-11-28,45.24,44.18,45.32,43.73,184.25M,3.85%,0.037842353183159934
2018-11-29,44.89,45.67,45.7,44.42,167.08M,-0.77%,-0.007766598454079011
2018-11-30,44.65,45.07,45.08,44.26,158.13M,-0.54%,-0.005360745471332773
2018-12-03,46.21,46.12,46.24,45.3,163.19M,3.49%,0.03434191755966709
2018-12-04,44.17,45.24,45.6,44.07,165.38M,-4.40%,-0.04515039927373994
2018-12-06,43.68,42.94,43.69,42.6,172.39M,-1.11%,-0.01115549417178551
2018-12-07,42.12,43.37,43.62,42.08,169.13M,-3.57%,-0.03636764417087495
2018-12-10,42.4,41.25,42.52,40.83,248.10M,0.66%,0.006625674972137253
2018-12-11,42.16,42.92,42.95,41.75,189.13M,-0.57%,-0.005676458004805191
2018-12-12,42.28,42.6,42.98,42.26,142.51M,0.28%,0.0028422567689300737
2018-12-13,42.74,42.62,43.14,42.39,127.59M,1.09%,0.01082108888896459
2018-12-14,41.37,42.25,42.27,41.32,162.81M,-3.20%,-0.03257926941768149
2018-12-17,40.99,41.36,42.09,40.68,177.15M,-0.93%,-0.009227845957073847
2018-12-18,41.52,41.35,41.88,41.1,135.37M,1.30%,0.012847104341387059
2018-12-19,40.22,41.5,41.86,39.77,196.19M,-3.12%,-0.03181085451312733
2018-12-20,39.21,40.1,40.53,38.83,259.09M,-2.52%,-0.025432568040265717
2018-12-21,37.68,39.22,39.54,37.41,382.98M,-3.89%,-0.03980236659607795
2018-12-24,36.71,37.04,37.89,36.65,148.68M,-2.59%,-0.02608025219941935
2018-12-26,39.29,37.08,39.31,36.68,234.33M,7.04%,0.06792083606162543
2018-12-27,39.04,38.96,39.19,37.52,212.47M,-0.65%,-0.006383272025476693
2018-12-28,39.06,39.38,39.63,38.64,169.17M,0.05%,0.000512163903641298
2018-12-31,39.44,39.63,39.84,39.12,140.01M,0.97%,0.009681604285901617
2019-01-02,39.48,38.72,39.71,38.56,148.16M,0.11%,0.001013684830846201
2019-01-03,35.55,35.99,36.43,35.5,365.25M,-9.96%,-0.10485405831603091
2019-01-04,37.06,36.13,37.14,35.95,234.43M,4.27%,0.04159806460796408
2019-01-07,36.98,37.17,37.21,36.47,219.11M,-0.22%,-0.0021609948982351302
2019-01-08,37.69,37.39,37.96,37.13,164.10M,1.91%,0.019017581320065372
2019-01-09,38.33,37.82,38.63,37.41,180.40M,1.70%,0.01683807211341969
2019-01-10,38.45,38.13,38.49,37.72,143.12M,0.32%,0.0031258165591894716
2019-01-11,38.07,38.22,38.42,37.88,108.09M,-0.98%,-0.009932125557247096
2019-01-14,37.5,37.71,37.82,37.31,129.76M,-1.50%,-0.015085637418040875
2019-01-15,38.27,37.57,38.35,37.51,114.84M,2.05%,0.02032536646124594
2019-01-16,38.74,38.27,38.97,38.25,122.28M,1.22%,0.012206358541238934
2019-01-17,38.97,38.55,39.42,38.31,119.28M,0.59%,0.005919461371768047
2019-01-18,39.21,39.38,39.47,39.0,135.00M,0.62%,0.00613969695362247
2019-01-22,38.33,39.1,39.18,38.15,121.58M,-2.24%,-0.02269893691177657
2019-01-23,38.48,38.54,38.78,37.92,92.52M,0.40%,0.0039057464050418966
2019-01-24,38.17,38.53,38.62,37.94,101.77M,-0.79%,-0.008088759040367268
2019-01-25,39.44,38.87,39.53,38.58,134.19M,3.31%,0.0327306629772961
2019-01-28,39.08,38.95,39.08,38.42,104.77M,-0.93%,-0.009169702559852656
2019-01-29,38.67,39.06,39.53,38.53,166.35M,-1.04%,-0.010546721555376169
2019-01-30,41.31,40.81,41.54,40.06,244.44M,6.83%,0.06604049578946748
2019-01-31,41.61,41.53,42.25,41.14,162.96M,0.72%,0.00723592158617662
2019-02-01,41.63,41.74,42.24,41.48,130.67M,0.05%,0.0004805382120342681
2019-02-04,42.81,41.85,42.91,41.82,125.98M,2.84%,0.02795065894997063
2019-02-05,43.54,43.22,43.77,43.09,144.41M,1.71%,0.01690833564954657
2019-02-06,43.56,43.66,43.89,43.21,112.96M,0.03%,0.000459242258358495
2019-02-07,42.74,43.1,43.49,42.58,126.97M,-1.89%,-0.019004048173758222
2019-02-08,42.6,42.25,42.67,42.1,95.28M,-0.31%,-0.003280996615676878
2019-02-11,42.36,42.76,42.8,42.31,83.97M,-0.58%,-0.005649732542119021
2019-02-12,42.72,42.53,42.75,42.42,89.13M,0.86%,0.008462673918733728
2019-02-13,42.54,42.85,43.12,42.48,89.96M,-0.42%,-0.00422238487984825
2019-02-14,42.7,42.43,42.82,42.35,87.34M,0.36%,0.003754110462487732
2019-02-15,42.6,42.81,42.92,42.44,98.51M,-0.22%,-0.0023446669592541345
2019-02-19,42.73,42.43,42.86,42.37,75.89M,0.30%,0.0030469963806086554
2019-02-20,43.01,42.8,43.33,42.75,104.46M,0.64%,0.0065313971397113445
2019-02-21,42.76,42.95,43.09,42.58,69.00M,-0.56%,-0.00582956063880047
2019-02-22,43.24,42.9,43.25,42.85,75.65M,1.12%,0.011162906614163224
2019-02-25,43.56,43.54,43.97,43.49,87.49M,0.73%,0.0073733052937521365
2019-02-26,43.58,43.43,43.83,43.29,68.28M,0.06%,0.0004590314517140072
2019-02-27,43.72,43.3,43.75,43.18,111.34M,0.31%,0.003207333791864093
2019-02-28,43.29,43.58,43.73,43.23,112.86M,-0.98%,-0.009884001854448612
2019-03-01,43.74,43.57,43.79,43.22,103.54M,1.05%,0.010341353794732751
2019-03-04,43.96,43.92,44.44,43.49,109.74M,0.50%,0.005017114286798748
2019-03-05,43.88,43.99,44.0,43.63,78.95M,-0.18%,-0.001821494128391132
2019-03-06,43.63,43.67,43.87,43.49,83.24M,-0.58%,-0.005713648271511272
2019-03-07,43.13,43.47,43.61,43.01,99.19M,-1.16%,-0.011526176475766507
2019-03-08,43.23,42.58,43.27,42.38,96.00M,0.24%,0.002315888019788453
2019-03-11,44.72,43.87,44.78,43.84,128.04M,3.46%,0.033886130167303345
2019-03-12,45.23,45.0,45.67,44.84,129.87M,1.12%,0.011339754642907936
2019-03-13,45.43,45.56,45.83,45.23,124.13M,0.44%,0.004412096281560224
2019-03-14,45.93,45.97,46.03,45.64,94.32M,1.11%,0.01094581856639012
2019-03-15,46.53,46.21,46.83,45.94,156.17M,1.30%,0.0129787675188552
2019-03-18,47.01,46.45,47.1,46.45,104.88M,1.02%,0.010263079179481941
2019-03-19,46.63,47.09,47.25,46.48,126.59M,-0.79%,-0.008116234215809601
2019-03-20,47.04,46.56,47.37,46.18,124.14M,0.87%,0.008754192770141911
2019-03-21,48.77,47.51,49.08,47.45,204.14M,3.68%,0.036117066131589826
2019-03-22,47.76,48.83,49.42,47.69,169.63M,-2.07%,-0.020926900637614647
2019-03-25,47.19,47.88,47.99,46.65,175.38M,-1.21%,-0.01200646334605051
2019-03-26,46.7,47.92,48.22,46.15,199.20M,-1.03%,-0.010437841063444359
2019-03-27,47.12,47.19,47.44,46.64,119.39M,0.90%,0.008953374668479485
2019-03-28,47.18,47.24,47.39,46.88,83.12M,0.13%,0.0012725346361978555
2019-03-29,47.49,47.46,47.52,47.13,94.26M,0.65%,0.00654908858150156
2019-04-01,47.81,47.91,47.92,47.1,111.45M,0.68%,0.0067156600769815505
2019-04-02,48.51,47.77,48.62,47.76,91.06M,1.45%,0.014535139619113005
2019-04-03,48.84,48.31,49.13,48.29,93.09M,0.69%,0.006779686985378769
2019-04-04,48.92,48.7,49.09,48.28,76.46M,0.17%,0.001636661576467578
2019-04-05,49.25,49.11,49.28,48.98,74.11M,0.67%,0.0067230567991263
2019-04-08,50.03,49.1,50.06,49.08,103.53M,1.57%,0.015713457882015808
2019-04-09,49.88,50.08,50.71,49.81,143.07M,-0.30%,-0.00300270468827792
2019-04-10,50.15,49.67,50.19,49.54,86.78M,0.56%,0.005398393596108853
2019-04-11,49.74,50.21,50.25,49.61,83.60M,-0.83%,-0.008209076032685898
2019-04-12,49.72,49.8,50.03,49.05,111.04M,-0.04%,-0.00040217173274833683
2019-04-15,49.81,49.65,49.96,49.5,70.15M,0.18%,0.0018085004426818237
2019-04-16,49.81,49.87,50.34,49.64,102.79M,0.01%,0.0
2019-04-17,50.78,49.88,50.85,49.65,115.63M,1.95%,0.019286809191340282
2019-04-18,50.97,50.78,51.04,50.63,96.78M,0.36%,0.003734648075417967
2019-04-22,51.13,50.71,51.24,50.58,77.76M,0.33%,0.0031341847399575717
2019-04-23,51.87,51.11,51.94,50.97,93.29M,1.44%,0.01436917927140096
2019-04-24,51.79,51.84,52.12,51.76,70.16M,-0.15%,-0.0015435079275087137
2019-04-25,51.32,51.71,51.94,51.28,74.17M,-0.91%,-0.009116540688364415
2019-04-26,51.08,51.22,51.25,50.53,74.60M,-0.48%,-0.004687508583097161
2019-04-29,51.15,51.1,51.49,50.97,88.82M,0.15%,0.0013694612332969033
2019-04-30,50.17,50.76,50.85,49.78,186.14M,-1.93%,-0.019345253901473774
2019-05-01,52.63,52.47,53.83,52.31,259.31M,4.91%,0.04786906086952608
2019-05-02,52.29,52.46,53.16,52.03,127.99M,-0.65%,-0.00648115116564837
2019-05-03,52.94,52.72,52.96,52.56,83.57M,1.24%,0.012354048598915963
2019-05-06,52.12,51.07,52.21,50.88,129.77M,-1.54%,-0.015610444542310885
2019-05-07,50.72,51.47,51.85,50.21,155.05M,-2.70%,-0.027228442127673905
2019-05-08,50.72,50.47,51.33,50.44,105.36M,0.02%,0.0
2019-05-09,50.18,50.1,50.42,49.17,139.63M,-1.07%,-0.010703769190694188
2019-05-10,49.29,49.35,49.71,48.19,164.83M,-1.76%,-0.017895320220989837
2019-05-13,46.43,46.93,47.37,45.71,229.72M,-5.81%,-0.05977541868545607
2019-05-14,47.17,46.6,47.42,46.35,146.12M,1.58%,0.0158122952643401
2019-05-15,47.73,46.57,47.94,46.51,106.18M,1.20%,0.011802033721634691
2019-05-16,47.52,47.48,48.12,47.21,132.13M,-0.44%,-0.004409455963415554
2019-05-17,47.25,46.73,47.72,46.69,131.52M,-0.57%,-0.005698021114637779
2019-05-20,45.77,45.88,46.09,45.07,154.45M,-3.13%,-0.03182379927420103
2019-05-21,46.65,46.31,47.0,46.17,113.46M,1.92%,0.019044072627802035
2019-05-22,45.69,46.17,46.43,45.64,118.99M,-2.05%,-0.020793471718172737
2019-05-23,44.92,44.95,45.13,44.45,146.12M,-1.71%,-0.016996325704937625
2019-05-24,44.74,45.05,45.53,44.65,94.86M,-0.38%,-0.0040151738082588985
2019-05-28,44.56,44.73,45.15,44.48,111.79M,-0.41%,-0.004031360442954971
2019-05-29,44.35,44.1,44.84,44.0,113.92M,-0.48%,-0.004723886863440128
2019-05-30,44.58,44.49,44.81,44.17,84.87M,0.52%,0.0051726192021342874
2019-05-31,43.77,44.06,44.5,43.75,108.17M,-1.81%,-0.018336676754918742
2019-06-03,43.33,43.9,44.48,42.57,161.58M,-1.01%,-0.010103415450985986
2019-06-04,44.91,43.86,44.96,43.63,123.87M,3.66%,0.03581525134782868
2019-06-05,45.63,46.07,46.25,45.28,119.09M,1.61%,0.015904907839664733
2019-06-06,46.31,45.77,46.37,45.54,90.11M,1.47%,0.014792525553349442
2019-06-07,47.54,46.63,47.98,46.44,122.74M,2.66%,0.02621354143938718
2019-06-10,48.15,47.95,48.84,47.9,104.88M,1.28%,0.012749676312086622
2019-06-11,48.7,48.72,49.0,48.4,107.73M,1.16%,0.011357891844409582
2019-06-12,48.55,48.49,48.99,48.35,73.01M,-0.32%,-0.0030848353512102624
2019-06-13,48.54,48.67,49.2,48.4,86.70M,-0.02%,-0.00020599443887857452
2019-06-14,48.19,47.89,48.4,47.58,75.05M,-0.73%,-0.007236669646213932
2019-06-17,48.47,48.22,48.74,48.04,58.68M,0.60%,0.005793519205043218
2019-06-18,49.61,49.01,50.07,48.8,106.20M,2.35%,0.023247376455672965
2019-06-19,49.47,49.92,49.97,49.33,84.50M,-0.29%,-0.002826001073340346
2019-06-20,49.87,50.09,50.15,49.51,86.06M,0.80%,0.008053194318413923
2019-06-21,49.69,49.7,50.21,49.54,191.20M,-0.34%,-0.003615913943802015
2019-06-24,49.65,49.63,50.04,49.54,72.88M,-0.10%,-0.0008053151230476195
2019-06-25,48.89,49.61,49.81,48.82,84.28M,-1.52%,-0.01542551390062738
2019-06-26,49.95,49.44,50.25,49.34,104.27M,2.16%,0.021449628504008306
2019-06-27,49.94,50.07,50.39,49.89,83.60M,-0.03%,-0.000200220242935449
2019-06-28,49.48,49.67,49.87,49.26,124.44M,-0.91%,-0.00925373732734
2019-07-01,50.39,50.79,51.12,50.16,109.27M,1.83%,0.018224195168219753
2019-07-02,50.68,50.35,50.78,50.34,67.74M,0.59%,0.005738612760431627
2019-07-03,51.1,50.82,51.11,50.67,45.45M,0.83%,0.008253141756720482
2019-07-05,51.06,50.84,51.27,50.72,69.06M,-0.09%,-0.0007830853963209155
2019-07-08,50.01,50.2,50.35,49.6,101.35M,-2.06%,-0.020778426382525476
2019-07-09,50.31,49.8,50.38,49.7,82.31M,0.61%,0.005980879072414868
2019-07-10,50.81,50.46,50.93,50.39,71.59M,0.99%,0.009889321102413246
2019-07-11,50.44,50.83,51.1,50.43,80.77M,-0.73%,-0.007308674508921858
2019-07-12,50.83,50.61,51.0,50.55,70.38M,0.77%,0.007702220362092303
2019-07-15,51.3,51.02,51.47,51.0,67.79M,0.94%,0.009204020717912641
2019-07-16,51.13,51.15,51.53,50.88,67.47M,-0.35%,-0.003319343084815827
2019-07-17,50.84,51.01,51.27,50.82,56.43M,-0.56%,-0.005687962770654573
2019-07-18,51.42,51.0,51.47,50.92,74.33M,1.14%,0.011343755516490181
2019-07-19,50.65,51.45,51.63,50.59,83.72M,-1.49%,-0.015087971143051153
2019-07-22,51.81,50.91,51.81,50.9,89.11M,2.29%,0.02264395013200464
2019-07-23,52.21,52.12,52.23,51.82,73.42M,0.78%,0.007690866595763951
2019-07-24,52.17,51.92,52.29,51.79,59.97M,-0.08%,-0.0007664303881596202
2019-07-25,51.76,52.22,52.31,51.68,55.64M,-0.79%,-0.00788996684165631
2019-07-26,51.94,51.87,52.43,51.78,70.48M,0.35%,0.0034715560419572153
2019-07-29,52.42,52.12,52.66,52.11,86.69M,0.93%,0.009198991660658056
2019-07-30,52.19,52.19,52.54,51.83,135.74M,-0.43%,-0.004397292239938542
2019-07-31,53.26,54.1,55.34,52.83,277.13M,2.04%,0.02029467473046425
2019-08-01,52.11,53.47,54.51,51.69,216.07M,-2.16%,-0.021828711464662857
2019-08-02,51.01,51.38,51.61,50.41,163.45M,-2.12%,-0.021335176986288052
2019-08-05,48.33,49.5,49.66,48.15,209.57M,-5.23%,-0.05396920607784253
2019-08-06,49.25,49.08,49.52,48.51,143.30M,1.89%,0.01885688176110531
2019-08-07,49.76,48.85,49.89,48.46,133.46M,1.04%,0.010302080812826029
2019-08-08,50.86,50.05,50.88,49.85,108.04M,2.21%,0.02186531156304971
2019-08-09,50.25,50.33,50.69,49.82,98.48M,-1.20%,-0.012066213054788475
2019-08-12,50.12,49.9,50.51,49.79,89.93M,-0.25%,-0.002590416911317622
2019-08-13,52.24,50.26,53.03,50.21,190.16M,4.23%,0.041428354940308214
2019-08-14,50.69,50.79,51.61,50.65,146.19M,-2.98%,-0.03011983248391774
2019-08-15,50.44,50.87,51.28,49.92,111.53M,-0.50%,-0.004944141387539143
2019-08-16,51.63,51.07,51.79,50.96,115.25M,2.36%,0.02331838779483907
2019-08-19,52.59,52.65,53.18,52.51,97.73M,1.86%,0.01842308870969503
2019-08-20,52.59,52.72,53.34,52.58,107.68M,0.00%,0.0
2019-08-21,53.16,53.25,53.41,52.9,86.26M,1.08%,0.010780246243791704
2019-08-22,53.12,53.3,53.61,52.69,89.07M,-0.08%,-0.0007527286768661571
2019-08-23,50.66,52.36,53.01,50.25,187.53M,-4.62%,-0.04741686059464921
2019-08-26,51.62,51.47,51.8,51.26,104.26M,1.90%,0.018772549716938553
2019-08-27,51.04,51.97,52.14,50.88,103.59M,-1.13%,-0.011299555253933282
2019-08-28,51.38,51.03,51.43,50.83,63.83M,0.67%,0.006639352645203098
2019-08-29,52.25,52.13,52.33,51.66,84.03M,1.69%,0.016790899163182917
2019-08-30,52.19,52.54,52.61,51.8,84.65M,-0.13%,-0.001148985189598521
2019-09-03,51.42,51.61,51.74,51.06,80.24M,-1.46%,-0.01486370381757833
2019-09-04,52.3,52.1,52.37,51.83,76.87M,1.70%,0.01696916923313377
2019-09-05,53.32,53.0,53.49,52.88,95.79M,1.96%,0.019315124239630665
2019-09-06,53.31,53.51,53.6,53.13,77.45M,-0.01%,-0.00018756447583820668
2019-09-09,53.54,53.71,54.11,52.77,109.24M,0.43%,0.004305107257536654
2019-09-10,54.17,53.47,54.19,52.93,127.11M,1.18%,0.01169821157760103
2019-09-11,55.9,54.52,55.93,54.43,177.16M,3.18%,0.031437130491245927
2019-09-12,55.77,56.2,56.6,55.72,128.91M,-0.23%,-0.0023282897595910735
2019-09-13,54.69,55.0,55.2,54.26,159.05M,-1.94%,-0.01955521304278106
2019-09-16,54.97,54.43,55.03,54.39,84.63M,0.53%,0.005106704513887674
2019-09-17,55.17,54.99,55.21,54.78,73.55M,0.36%,0.003631745411770463
2019-09-18,55.69,55.26,55.71,54.86,102.57M,0.94%,0.009381270317237726
2019-09-19,55.24,55.5,55.94,55.09,88.75M,-0.81%,-0.008113269060485767
2019-09-20,54.43,55.35,55.64,54.37,231.91M,-1.46%,-0.01477185609498279
2019-09-23,54.68,54.74,54.96,54.41,77.68M,0.45%,0.0045825394096402315
2019-09-24,54.42,55.26,55.62,54.3,125.74M,-0.48%,-0.004766278500648565
2019-09-25,55.26,54.64,55.38,54.29,89.92M,1.54%,0.01531758614017019
2019-09-26,54.97,55.0,55.24,54.71,76.35M,-0.52%,-0.00526173762270149
2019-09-27,54.71,55.13,55.24,54.32,101.45M,-0.49%,-0.004741073796834418
2019-09-30,55.99,55.22,56.15,55.2,105.27M,2.35%,0.023126595285067313
2019-10-01,56.15,56.27,57.06,56.05,144.75M,0.28%,0.002853577823650173
2019-10-02,54.74,55.76,55.9,54.48,143.07M,-2.51%,-0.025431977571919152
2019-10-03,55.21,54.61,55.24,53.78,121.41M,0.85%,0.008549392683420125
2019-10-04,56.75,56.41,56.87,55.97,139.02M,2.80%,0.027511560065558886
2019-10-07,56.76,56.57,57.48,56.46,123.56M,0.02%,0.0001761959303298283
2019-10-08,56.1,56.46,57.01,56.08,117.13M,-1.17%,-0.011696039763191187
2019-10-09,56.76,56.76,56.95,56.41,76.12M,1.17%,0.011696039763191236
2019-10-10,57.52,56.98,57.61,56.83,115.85M,1.35%,0.013300861120949343
2019-10-11,59.05,58.24,59.41,58.08,167.96M,2.66%,0.026251829230579976
2019-10-14,58.97,58.72,59.53,58.67,97.65M,-0.14%,-0.0013557026309584757
2019-10-15,58.83,59.1,59.41,58.72,92.16M,-0.23%,-0.0023769111360481374
2019-10-16,58.59,58.34,58.81,58.3,77.15M,-0.40%,-0.004087895319667208
2019-10-17,58.82,58.77,59.04,58.38,69.09M,0.39%,0.003917899569151616
2019-10-18,59.1,58.65,59.4,58.57,97.51M,0.48%,0.004748991286203667
2019-10-21,60.13,59.38,60.25,59.33,89.47M,1.73%,0.01727796063942484
2019-10-22,59.99,60.29,60.55,59.91,90.74M,-0.23%,-0.0023310033864755897
2019-10-23,60.79,60.53,60.81,60.31,79.73M,1.34%,0.013247420095629297
2019-10-24,60.9,61.13,61.2,60.45,71.67M,0.16%,0.0018078729552202604
2019-10-25,61.65,60.79,61.68,60.72,73.48M,1.23%,0.012240054894502006
2019-10-28,62.26,61.85,62.31,61.68,96.57M,1.00%,0.009845935403108713
2019-10-29,60.82,62.24,62.44,60.64,142.84M,-2.31%,-0.023400482764243474
2019-10-30,60.81,61.19,61.33,60.3,124.52M,-0.01%,-0.00016443311720023933
2019-10-31,62.19,61.81,62.29,59.31,139.16M,2.26%,0.022439965983779522
2019-11-01,63.96,62.38,63.98,62.29,151.13M,2.84%,0.028063672849955628
2019-11-04,64.38,64.33,64.46,63.85,103.27M,0.66%,0.006545137904908475
2019-11-05,64.28,64.26,64.55,64.08,79.90M,-0.14%,-0.001554485001350163
2019-11-06,64.31,64.19,64.37,63.84,75.86M,0.04%,0.00046659927745992005
2019-11-07,64.86,64.68,65.09,64.53,94.94M,0.85%,0.008515960732400027
2019-11-08,65.04,64.67,65.11,64.21,70.08M,0.27%,0.0027713643603834138
2019-11-11,65.55,64.57,65.62,64.57,82.03M,0.79%,0.007810744970153454
2019-11-12,65.49,65.39,65.7,65.23,87.39M,-0.09%,-0.0009157509797466719
2019-11-13,66.12,65.28,66.19,65.27,103.27M,0.96%,0.009573813722861292
2019-11-14,65.66,65.94,66.22,65.53,89.58M,-0.69%,-0.006981360879376948
2019-11-15,66.44,65.92,66.44,65.75,100.37M,1.19%,0.011809372671647542
2019-11-18,66.78,66.45,66.86,66.06,86.80M,0.50%,0.005104349770414356
2019-11-19,66.57,66.97,67.0,66.35,76.28M,-0.30%,-0.0031496089028963314
2019-11-20,65.8,66.39,66.52,65.1,106.44M,-1.16%,-0.011634187281340653
2019-11-21,65.5,65.92,66.0,65.29,121.40M,-0.45%,-0.004569695690065186
2019-11-22,65.44,65.65,65.79,65.21,65.33M,-0.09%,-0.000916450346714661
2019-11-25,66.59,65.68,66.61,65.63,84.12M,1.75%,0.017420723828039514
2019-11-26,66.07,66.74,66.79,65.63,105.34M,-0.78%,-0.007839630080736836
2019-11-27,66.96,66.39,67.0,66.33,65.54M,1.34%,0.013380640139425458
2019-11-29,66.81,66.65,67.0,66.47,46.62M,-0.22%,-0.0022426562438338563
2019-12-02,66.04,66.82,67.06,65.86,94.77M,-1.16%,-0.011592150885458676
2019-12-03,64.86,64.58,64.88,64.07,117.51M,-1.78%,-0.018029518172755405
2019-12-04,65.43,65.27,65.83,65.17,67.24M,0.88%,0.008749768002475499
2019-12-05,66.39,65.95,66.47,65.68,74.65M,1.47%,0.01456557384942047
2019-12-06,67.68,66.87,67.75,66.82,106.19M,1.93%,0.019244272566900027
2019-12-09,66.73,67.5,67.7,66.23,128.73M,-1.40%,-0.014136088382452644
2019-12-10,67.12,67.15,67.52,66.46,90.53M,0.58%,0.005827435243435455
2019-12-11,67.69,67.2,67.78,67.13,78.89M,0.85%,0.008456396361565423
2019-12-12,67.86,66.94,68.14,66.83,137.75M,0.25%,0.0025083008355679544
2019-12-13,68.79,67.86,68.82,67.73,133.73M,1.36%,0.013611626181838758
2019-12-16,69.96,69.25,70.2,69.25,128.32M,1.71%,0.016865264612478375
2019-12-17,70.1,69.89,70.44,69.7,114.30M,0.20%,0.0019991438901431763
2019-12-18,69.93,69.95,70.47,69.78,116.10M,-0.24%,-0.002428052324768766
2019-12-19,70.0,69.88,70.29,69.74,98.51M,0.10%,0.0010005003335834001
2019-12-20,69.86,70.56,70.66,69.64,276.13M,-0.21%,-0.0020020026706730793
2019-12-23,71.0,70.13,71.06,70.09,98.71M,1.63%,0.01618663766262948
2019-12-24,71.07,71.17,71.22,70.73,48.48M,0.10%,0.0009854297974882958
2019-12-26,72.48,71.21,72.5,71.18,93.34M,1.98%,0.01964535489592033
2019-12-27,72.45,72.78,73.49,72.03,146.37M,-0.04%,-0.0004139929680324928
2019-12-30,72.88,72.36,73.17,71.31,144.24M,0.59%,0.005917584185011465
2019-12-31,73.41,72.48,73.42,72.38,100.99M,0.73%,0.007245913170987086
2020-01-02,75.09,74.06,75.15,73.8,135.65M,2.28%,0.02262722798910256
2020-01-03,74.36,74.29,75.14,74.13,146.54M,-0.97%,-0.009769231258549302
2020-01-06,74.95,73.45,74.99,73.19,118.58M,0.80%,0.007903061695363459
2020-01-07,74.6,74.96,75.22,74.37,111.51M,-0.47%,-0.004680717338891632
2020-01-08,75.8,74.29,76.11,74.29,132.36M,1.61%,0.015957785438610816
2020-01-09,77.41,76.81,77.61,76.55,170.49M,2.12%,0.021017678568296037
2020-01-10,77.58,77.65,78.17,77.06,140.87M,0.23%,0.0021936907951989933
2020-01-13,79.24,77.91,79.27,77.79,122.09M,2.14%,0.02117155981852903
2020-01-14,78.17,79.18,79.39,78.04,162.61M,-1.35%,-0.013595279598111076
2020-01-15,77.83,77.96,78.88,77.39,121.92M,-0.43%,-0.004358981260942246
2020-01-16,78.81,78.4,78.93,78.02,108.83M,1.25%,0.012512931394261488
2020-01-17,79.68,79.07,79.68,78.75,137.82M,1.11%,0.010978720910784763
2020-01-21,79.14,79.3,79.75,79.0,110.84M,-0.68%,-0.006800177319064647
2020-01-22,79.43,79.64,80.0,79.33,101.83M,0.36%,0.0036576946877624897
2020-01-23,79.81,79.48,79.89,78.91,104.47M,0.48%,0.004772679242876783
2020-01-24,79.58,80.06,80.83,79.38,146.54M,-0.29%,-0.0028860048891349867
2020-01-27,77.24,77.51,77.94,76.22,161.94M,-2.94%,-0.029845347438468898
2020-01-28,79.42,78.15,79.6,78.05,162.23M,2.83%,0.027832768142791835
2020-01-29,81.08,81.11,81.96,80.35,216.60M,2.09%,0.020686095880693766
2020-01-30,80.97,80.14,81.02,79.69,126.74M,-0.14%,-0.0013576058857763206
2020-01-31,77.38,80.23,80.67,77.07,199.59M,-4.43%,-0.04535036642565615
2020-02-03,77.17,76.07,78.37,75.56,173.99M,-0.27%,-0.0027175688028551
2020-02-04,79.71,78.83,79.91,78.41,136.62M,3.30%,0.03238426797031995
2020-02-05,80.36,80.88,81.19,79.74,118.83M,0.82%,0.00812149150690183
2020-02-06,81.3,80.64,81.31,80.07,105.43M,1.17%,0.011629476607031225
2020-02-07,80.01,80.59,80.85,79.5,117.68M,-1.59%,-0.015994389691732207
2020-02-10,80.39,78.54,80.39,78.46,109.35M,0.47%,0.004738163477836899
2020-02-11,79.9,80.9,80.97,79.68,94.32M,-0.60%,-0.006113937567640401
2020-02-12,81.8,80.37,81.81,80.37,113.73M,2.37%,0.023501390836472187
2020-02-13,81.22,81.05,81.56,80.84,94.75M,-0.71%,-0.007115721350549634
2020-02-14,81.24,81.18,81.5,80.71,80.11M,0.02%,0.0002462144540321292
2020-02-18,79.75,78.84,79.94,78.65,152.76M,-1.83%,-0.018510995047229913
2020-02-19,80.9,80.0,81.14,80.0,93.98M,1.45%,0.014317082399492061
2020-02-20,80.07,80.66,81.16,79.55,100.57M,-1.03%,-0.010312571979903679
2020-02-21,78.26,79.65,80.11,77.63,129.71M,-2.26%,-0.022864635302275924
2020-02-24,74.54,74.32,76.04,72.31,222.20M,-4.75%,-0.04870072273115403
2020-02-25,72.02,75.24,75.63,71.53,230.67M,-3.39%,-0.03439203583038327
2020-02-26,73.16,71.63,74.47,71.63,198.71M,1.59%,0.01570496530193584
2020-02-27,68.38,70.28,71.5,68.24,320.61M,-6.54%,-0.06756843931150974
2020-02-28,68.34,64.32,69.6,64.09,426.88M,-0.06%,-0.0005851375240093583
2020-03-02,74.7,70.57,75.36,69.43,341.40M,9.31%,0.08898484545162585
2020-03-03,72.33,75.92,76.0,71.45,319.48M,-3.18%,-0.032241111277582266
2020-03-04,75.68,74.11,75.85,73.28,219.18M,4.64%,0.04527494388243358
2020-03-05,73.23,73.88,74.89,72.85,187.57M,-3.24%,-0.03290875167064449
2020-03-06,72.26,70.5,72.71,70.31,226.18M,-1.33%,-0.013334447353484156
2020-03-09,66.54,65.94,69.52,65.75,286.74M,-7.91%,-0.08246745512916348
2020-03-10,71.33,69.29,71.61,67.34,285.29M,7.20%,0.06951372569961593
2020-03-11,68.86,69.35,70.31,67.96,256.38M,-3.47%,-0.03524153837956902
2020-03-12,62.06,63.99,67.5,62.0,418.47M,-9.88%,-0.10397379889014353
2020-03-13,69.49,66.22,69.98,63.24,370.73M,11.98%,0.11308119830600165
2020-03-16,60.55,60.49,64.77,60.0,322.42M,-12.86%,-0.1377133873271347
2020-03-17,63.22,61.88,64.4,59.6,324.06M,4.40%,0.04315123678837035
2020-03-18,61.67,59.94,62.5,59.28,300.23M,-2.45%,-0.024823117784070148
2020-03-19,61.19,61.85,63.21,60.65,271.86M,-0.77%,-0.00781381152895237
2020-03-20,57.31,61.79,62.96,57.0,401.69M,-6.35%,-0.06550864891080294
2020-03-23,56.09,57.02,57.12,53.15,336.75M,-2.12%,-0.021517585043400542
2020-03-24,61.72,59.09,61.92,58.58,287.53M,10.03%,0.09565048397471443
2020-03-25,61.38,62.69,64.56,61.08,303.60M,-0.55%,-0.005523978303369901
2020-03-26,64.61,61.63,64.67,61.59,252.56M,5.26%,0.051285148378484004
2020-03-27,61.94,63.19,63.97,61.76,204.22M,-4.14%,-0.04220302302501741
2020-03-30,63.7,62.69,63.88,62.35,167.98M,2.85%,0.028018388033060948
2020-03-31,63.57,63.9,65.62,63.0,197.00M,-0.20%,-0.0020429016298002933
2020-04-01,60.23,61.63,62.18,59.78,176.22M,-5.26%,-0.053971093892687706
2020-04-02,61.23,60.08,61.29,59.22,165.93M,1.67%,0.016466698434233342
2020-04-03,60.35,60.7,61.42,59.74,129.88M,-1.44%,-0.014476317946322528
2020-04-06,65.62,62.72,65.78,62.35,201.82M,8.72%,0.08371957998941516
2020-04-07,64.86,67.7,67.93,64.75,202.89M,-1.16%,-0.011649426653783797
2020-04-08,66.52,65.68,66.84,65.31,168.90M,2.56%,0.025271553445554887
2020-04-09,67.0,67.18,67.52,66.18,162.12M,0.72%,0.007189965066239271
2020-04-13,68.31,67.08,68.43,66.46,131.02M,1.96%,0.019363549352791855
2020-04-14,71.76,70.0,72.06,69.51,194.99M,5.05%,0.049271049006782835
2020-04-15,71.11,70.6,71.58,70.16,131.15M,-0.91%,-0.009099243855114146
2020-04-16,71.67,71.85,72.05,70.59,157.13M,0.79%,0.007844276110401317
2020-04-17,70.7,71.17,71.74,69.21,215.25M,-1.36%,-0.013626677103300821
2020-04-20,69.23,69.49,70.42,69.21,130.02M,-2.08%,-0.021011278212593038
2020-04-21,67.09,69.07,69.31,66.36,180.99M,-3.09%,-0.03139929311513742
2020-04-22,69.03,68.4,69.47,68.05,117.06M,2.88%,0.02850619114058741
2020-04-23,68.76,68.97,70.44,68.72,124.81M,-0.39%,-0.003919012200735607
2020-04-24,70.74,69.3,70.75,69.25,126.51M,2.89%,0.028389003262685893
2020-04-27,70.79,70.45,71.14,69.99,117.09M,0.07%,0.0007065640087634079
2020-04-28,69.64,71.27,71.46,69.55,112.00M,-1.62%,-0.01637863288610971
2020-04-29,71.93,71.18,72.42,70.97,137.28M,3.28%,0.03235430897927669
2020-04-30,73.45,72.49,73.63,72.09,183.06M,2.11%,0.020911478740621513
2020-05-01,72.27,71.56,74.75,71.46,240.62M,-1.61%,-0.016195797324996725
2020-05-04,73.29,72.29,73.42,71.58,133.57M,1.41%,0.014015068642869232
2020-05-05,74.39,73.76,75.25,73.61,147.75M,1.50%,0.014897350265491036
2020-05-06,75.16,75.11,75.81,74.72,142.33M,1.03%,0.010297650342014417
2020-05-07,75.93,75.81,76.29,75.49,115.22M,1.03%,0.010192688679877849
2020-05-08,77.53,76.41,77.59,76.07,134.05M,2.10%,0.02085309500572522
2020-05-11,78.75,77.03,79.26,76.81,145.95M,1.57%,0.015613319474874772
2020-05-12,77.85,79.46,79.92,77.73,162.30M,-1.14%,-0.011494379425735134
2020-05-13,76.91,78.04,78.99,75.8,200.62M,-1.21%,-0.012147991211044864
2020-05-14,77.39,76.13,77.45,75.38,158.93M,0.61%,0.006221666213405348
2020-05-15,76.93,75.09,76.97,75.05,166.35M,-0.59%,-0.005961655811524427
2020-05-18,78.74,78.29,79.13,77.58,135.37M,2.36%,0.0232553680447479
2020-05-19,78.29,78.76,79.63,78.25,101.73M,-0.58%,-0.005731404595768509
2020-05-20,79.81,79.17,79.88,79.05,111.50M,1.94%,0.019228928968094687
2020-05-21,79.21,79.67,80.22,78.97,102.69M,-0.75%,-0.007546256411729349
2020-05-22,79.72,78.94,79.81,78.84,81.80M,0.64%,0.006417941868405719
2020-05-26,79.18,80.88,81.06,79.13,125.52M,-0.68%,-0.00679675366660933
2020-05-27,79.53,79.04,79.68,78.27,112.95M,0.44%,0.004410567291059207
2020-05-28,79.56,79.19,80.86,78.91,133.80M,0.04%,0.00037714501672756547
2020-05-29,79.49,79.81,80.29,79.12,153.60M,-0.10%,-0.0008802264007502866
2020-06-01,80.46,79.44,80.59,79.3,81.02M,1.23%,0.012128938936620974
2020-06-02,80.83,80.19,80.86,79.73,87.64M,0.46%,0.00458801722411096
2020-06-03,81.28,81.17,81.55,80.57,104.49M,0.55%,0.0055518000844189085
2020-06-04,80.58,81.1,81.4,80.19,87.56M,-0.86%,-0.008649504066970595
2020-06-05,82.88,80.84,82.94,80.81,137.25M,2.85%,0.028143298747971637
2020-06-08,83.36,82.56,83.4,81.83,95.65M,0.59%,0.005774799493883958
2020-06-09,86.0,83.04,86.4,83.0,147.71M,3.16%,0.031178718248451046
2020-06-10,88.21,86.97,88.69,86.52,166.65M,2.57%,0.02537303901716778
2020-06-11,83.97,87.33,87.76,83.87,201.66M,-4.80%,-0.04926074307520371
2020-06-12,84.7,86.18,86.95,83.56,200.15M,0.86%,0.008656009462536888
2020-06-15,85.75,83.31,86.42,83.14,138.81M,1.24%,0.012320484388040657
2020-06-16,88.02,87.86,88.3,86.18,165.43M,2.65%,0.026127975336896085
2020-06-17,87.9,88.79,88.85,87.77,114.41M,-0.14%,-0.0013642566918139667
2020-06-18,87.93,87.85,88.36,87.31,96.82M,0.04%,0.0003412386997794247
2020-06-19,87.43,88.66,89.14,86.29,264.48M,-0.57%,-0.005702570198111121
2020-06-22,89.72,87.83,89.86,87.79,135.45M,2.62%,0.025855236459207863
2020-06-23,91.63,91.0,93.1,90.57,212.16M,2.13%,0.0210650193251142
2020-06-24,90.01,91.25,92.2,89.63,192.62M,-1.77%,-0.017837953708127893
2020-06-25,91.21,90.18,91.25,89.39,137.52M,1.33%,0.01324376492307305
2020-06-26,88.41,91.1,91.33,88.25,205.26M,-3.07%,-0.031179454774353934
2020-06-29,90.44,88.31,90.54,87.82,130.65M,2.30%,0.02270156199205598
2020-06-30,91.2,90.02,91.5,90.0,140.22M,0.83%,0.00836824967051658
2020-07-01,91.03,91.28,91.84,90.98,110.74M,-0.19%,-0.0018657745630882483
2020-07-02,91.03,91.96,92.62,90.91,114.04M,0.00%,0.0
2020-07-06,93.46,92.5,93.94,92.47,118.66M,2.68%,0.026344414755082663
2020-07-07,93.17,93.85,94.65,93.06,112.42M,-0.31%,-0.003107755809946414
2020-07-08,95.34,94.18,95.38,94.09,117.09M,2.33%,0.023023668314346088
2020-07-09,95.68,96.26,96.32,94.67,125.64M,0.36%,0.0035598404256419257
2020-07-10,95.92,95.33,95.98,94.71,90.26M,0.25%,0.002505220516937142
2020-07-13,95.48,97.26,99.96,95.26,191.65M,-0.46%,-0.0045977092486294314
2020-07-14,97.06,94.84,97.25,93.88,170.99M,1.65%,0.016412542506440735
2020-07-15,97.72,98.99,99.25,96.49,153.20M,0.69%,0.006776902412469522
2020-07-16,96.52,96.56,97.4,95.9,110.58M,-1.23%,-0.01235600563270871
2020-07-17,96.33,96.99,97.15,95.84,92.19M,-0.20%,-0.001970443987298725
2020-07-20,98.36,96.42,98.5,96.06,90.32M,2.11%,0.020854420578459563
2020-07-21,97.0,99.17,99.25,96.74,103.65M,-1.38%,-0.013923238844608932
2020-07-22,97.27,96.69,97.97,96.6,89.00M,0.28%,0.002779638377966181
2020-07-23,92.85,97.0,97.08,92.01,197.00M,-4.55%,-0.04650532908263421
2020-07-24,92.61,90.99,92.97,89.14,185.44M,-0.25%,-0.0025881606165371477
2020-07-27,94.81,93.71,94.9,93.48,121.21M,2.37%,0.02347776174769015
2020-07-28,93.25,94.37,94.55,93.25,103.63M,-1.64%,-0.016590830405942853
2020-07-29,95.04,93.75,95.23,93.71,90.33M,1.92%,0.01901379709040987
2020-07-30,96.19,94.19,96.3,93.77,158.13M,1.21%,0.012027546550189306
2020-07-31,106.26,102.88,106.42,100.82,374.30M,10.47%,0.0995635188582731
2020-08-03,108.94,108.2,111.64,107.89,308.15M,2.52%,0.02490835093273127
2020-08-04,109.67,109.13,110.79,108.39,172.79M,0.67%,0.00667858481658913
2020-08-05,110.06,109.38,110.39,108.9,121.99M,0.36%,0.003549814859495255
2020-08-06,113.9,110.4,114.41,109.8,202.43M,3.49%,0.0342951988215237
2020-08-07,111.11,113.21,113.68,110.29,198.05M,-2.45%,-0.024800168857219168
2020-08-10,112.73,112.6,113.78,110.0,212.40M,1.45%,0.014474877460522634
2020-08-11,109.38,111.97,112.48,109.11,187.90M,-2.97%,-0.03016752113781336
2020-08-12,113.01,110.5,113.28,110.3,165.94M,3.32%,0.03264825245343289
2020-08-13,115.01,114.43,116.04,113.93,210.08M,1.77%,0.01754277073243065
2020-08-14,114.91,114.83,115.0,113.04,165.57M,-0.09%,-0.0008698678349477062
2020-08-17,114.61,116.06,116.09,113.96,119.56M,-0.26%,-0.0026141527609345344
2020-08-18,115.56,114.35,116.0,114.01,105.63M,0.83%,0.008254815089426793
2020-08-19,115.71,115.98,117.16,115.61,145.54M,0.13%,0.0012971852902115713
2020-08-20,118.28,115.75,118.39,115.73,126.91M,2.22%,0.021967634096030492
2020-08-21,124.37,119.26,124.87,119.25,338.05M,5.15%,0.05020629868137329
2020-08-24,125.86,128.7,128.79,123.94,345.94M,1.20%,0.011909184433137767
2020-08-25,124.82,124.7,125.18,123.05,211.50M,-0.82%,-0.008297478592890619
2020-08-26,126.52,126.18,126.99,125.08,163.02M,1.36%,0.013527698931551107
2020-08-27,125.01,127.14,127.49,123.83,155.55M,-1.20%,-0.01200666433497629
2020-08-28,124.81,126.01,126.44,124.58,187.63M,-0.16%,-0.0016011531721095104
2020-08-31,129.04,127.58,131.0,126.0,225.70M,3.39%,0.03332985288659099
2020-09-01,134.18,132.76,134.8,130.53,152.47M,3.98%,0.03905974831778861
2020-09-02,131.4,137.59,137.98,127.0,200.12M,-2.07%,-0.020936076084231873
2020-09-03,120.88,126.91,128.84,120.5,257.60M,-8.01%,-0.08344778808602604
2020-09-04,120.96,120.07,123.7,110.89,332.61M,0.07%,0.0006615944667387185
2020-09-08,112.82,113.95,118.99,112.68,231.37M,-6.73%,-0.0696662841193929
2020-09-09,117.32,117.26,119.14,115.26,176.94M,3.99%,0.0391116157974202
2020-09-10,113.49,120.36,120.5,112.5,182.27M,-3.26%,-0.03319051679620268
2020-09-11,112.0,114.57,115.23,110.0,180.86M,-1.31%,-0.013215856017952983
2020-09-14,115.36,114.72,115.93,112.8,140.15M,3.00%,0.02955880224154443
2020-09-15,115.54,118.33,118.83,113.61,184.64M,0.16%,0.0015591168164805851
2020-09-16,112.13,115.23,116.0,112.04,155.03M,-2.95%,-0.029957877880330188
2020-09-17,110.34,109.72,112.2,108.71,178.01M,-1.60%,-0.016092404628504513
2020-09-18,106.84,110.4,110.88,106.09,287.10M,-3.17%,-0.03223411960252456
2020-09-21,110.08,104.54,110.19,103.1,195.71M,3.03%,0.029874985943273268
2020-09-22,111.81,112.68,112.86,109.16,183.06M,1.57%,0.015593627974243187
2020-09-23,107.12,111.62,112.11,106.77,150.72M,-4.19%,-0.042851300776359645
2020-09-24,108.22,105.17,110.25,105.0,167.74M,1.03%,0.010216490831672094
2020-09-25,112.28,108.43,112.44,107.67,149.98M,3.75%,0.03682955927909259
2020-09-28,114.96,115.01,115.32,112.78,137.67M,2.39%,0.02358849027708761
2020-09-29,114.09,114.55,115.31,113.57,100.06M,-0.76%,-0.007596631162491445
2020-09-30,115.81,113.79,117.26,113.62,142.68M,1.51%,0.014963306588008254
2020-10-01,116.79,117.64,117.72,115.83,116.12M,0.85%,0.008426533094187689
2020-10-02,113.02,112.89,115.37,112.22,144.71M,-3.23%,-0.032812656088776926
2020-10-05,116.5,113.91,116.65,113.55,106.24M,3.08%,0.030326478804057942
2020-10-06,113.16,115.7,116.12,112.25,161.50M,-2.87%,-0.029088526572388838
2020-10-07,115.08,114.62,115.55,114.13,96.85M,1.70%,0.016824792249980777
2020-10-08,114.97,116.25,116.4,114.59,83.48M,-0.10%,-0.0009563139176983476
2020-10-09,116.97,115.28,117.0,114.92,100.51M,1.74%,0.017246266896966875
2020-10-12,124.4,120.06,125.18,119.28,240.23M,6.35%,0.06158468864246343
2020-10-13,121.1,125.27,125.39,119.65,262.33M,-2.65%,-0.026885529746032626
2020-10-14,121.19,121.0,123.03,119.62,151.06M,0.07%,0.0007429114213495585
2020-10-15,120.71,118.72,121.2,118.15,112.56M,-0.40%,-0.003968587267360335
2020-10-16,119.02,121.28,121.55,118.81,115.39M,-1.40%,-0.014099428496329657
2020-10-19,115.98,119.96,120.42,115.66,120.64M,-2.55%,-0.025873783768411363
2020-10-20,117.51,116.2,118.98,115.63,124.42M,1.32%,0.013105673897555029
2020-10-21,116.87,116.67,118.71,116.45,89.95M,-0.54%,-0.005461230400783947
2020-10-22,115.75,117.45,118.04,114.59,101.99M,-0.96%,-0.009629512978722232
2020-10-23,115.04,116.39,116.55,114.28,82.57M,-0.61%,-0.006152798993606866
2020-10-26,115.05,114.01,116.55,112.88,111.85M,0.01%,8.692250863814551e-05
2020-10-27,116.6,115.49,117.28,114.54,92.28M,1.35%,0.013382457435017005
2020-10-28,111.2,115.05,115.43,111.1,143.94M,-4.63%,-0.04741889209990992
2020-10-29,115.32,112.37,116.93,112.2,146.13M,3.71%,0.03638049095371925
2020-10-30,108.86,111.06,111.99,107.72,190.57M,-5.60%,-0.057648219764147385
2020-11-02,108.77,109.11,110.68,107.32,122.87M,-0.08%,-0.0008270919002951239
2020-11-03,110.44,109.66,111.49,108.73,107.62M,1.54%,0.015236825956194834
2020-11-04,114.95,114.14,115.59,112.35,138.24M,4.08%,0.04002486414723684
2020-11-05,119.03,117.95,119.62,116.87,126.39M,3.55%,0.03487831097059774
2020-11-06,118.69,118.32,119.2,116.13,114.46M,-0.29%,-0.002860510111374562
2020-11-09,116.32,120.5,121.99,116.05,154.52M,-2.00%,-0.02017003828320468
2020-11-10,115.97,115.55,117.59,114.13,138.02M,-0.30%,-0.0030134768165973255
2020-11-11,119.49,117.19,119.63,116.44,112.29M,3.04%,0.029901148893050636
2020-11-12,119.21,119.62,120.53,118.57,103.35M,-0.23%,-0.0023460421317523152
2020-11-13,119.26,119.44,119.67,117.87,81.69M,0.04%,0.000419339965049685
2020-11-16,120.3,118.92,120.99,118.15,91.18M,0.87%,0.00868263928567323
2020-11-17,119.39,119.55,120.67,118.96,74.27M,-0.76%,-0.00759317762333624
2020-11-18,118.03,118.61,119.82,118.0,76.32M,-1.14%,-0.011456615916319227
2020-11-19,118.64,117.59,119.06,116.81,74.11M,0.52%,0.005154868388699068
2020-11-20,117.34,118.64,118.77,117.29,73.60M,-1.10%,-0.011017994331962823
2020-11-23,113.85,117.18,117.62,113.75,127.96M,-2.97%,-0.03019391098796528
2020-11-24,115.17,113.91,115.85,112.59,113.87M,1.16%,0.011527505171067414
2020-11-25,116.03,115.55,116.75,115.17,76.50M,0.75%,0.007439480678638062
2020-11-27,116.59,116.57,117.49,116.22,46.69M,0.48%,0.004814728585745891
2020-11-30,119.05,116.97,120.97,116.81,169.41M,2.11%,0.02088006598767175
2020-12-01,122.72,121.01,123.47,120.01,128.17M,3.08%,0.030361764686074252
2020-12-02,123.08,122.02,123.37,120.89,89.00M,0.29%,0.002929212834894929
2020-12-03,122.94,123.52,123.78,122.21,78.97M,-0.11%,-0.0011381189749777496
2020-12-04,122.25,122.6,122.86,121.52,78.26M,-0.56%,-0.005628303123881995
2020-12-07,123.75,122.31,124.57,122.25,86.71M,1.23%,0.012195273093818206
2020-12-08,124.38,124.37,124.98,123.09,82.23M,0.51%,0.005077994226943483
2020-12-09,121.78,124.53,125.95,121.0,115.09M,-2.09%,-0.021125257495315113
2020-12-10,123.24,120.5,123.87,120.15,81.31M,1.20%,0.011917535548039185
2020-12-11,122.41,122.43,122.76,120.55,86.94M,-0.67%,-0.006757607641046047
2020-12-14,121.78,122.6,123.35,121.54,79.08M,-0.51%,-0.005159927906993041
2020-12-15,127.88,124.34,127.9,124.13,157.57M,5.01%,0.048876186011212734
2020-12-16,127.81,127.41,128.37,126.56,98.21M,-0.05%,-0.000547538048017606
2020-12-17,128.7,128.9,129.58,128.04,94.36M,0.70%,0.006939328458457797
2020-12-18,126.65,128.96,129.1,126.12,192.54M,-1.59%,-0.016056738154396673
2020-12-21,128.23,125.02,128.31,123.45,121.25M,1.24%,0.012398150023340056
2020-12-22,131.88,131.61,134.4,129.65,169.35M,2.85%,0.028066891732505806
2020-12-23,130.96,132.16,132.43,130.78,88.22M,-0.70%,-0.007000485140650696
2020-12-24,131.97,131.32,133.46,131.1,54.93M,0.77%,0.007682690965858531
2020-12-28,136.69,133.99,137.34,133.51,124.49M,3.58%,0.035140964135823585
2020-12-29,134.87,138.05,138.79,134.34,121.05M,-1.33%,-0.013404236635795356
2020-12-30,133.72,135.58,135.99,133.4,96.45M,-0.85%,-0.008563289976868442
2020-12-31,132.69,134.08,134.74,131.72,99.12M,-0.77%,-0.007732481003552769
2021-01-04,129.41,133.52,133.61,126.76,143.30M,-2.47%,-0.025029921714766316
2021-01-05,131.01,128.89,131.74,128.43,97.66M,1.24%,0.012287997332000481
2021-01-06,126.6,127.72,131.05,126.38,155.09M,-3.37%,-0.034241146455503475
2021-01-07,130.92,128.36,131.63,127.86,109.58M,3.41%,0.03355393992290386
2021-01-08,132.05,132.43,132.63,130.23,105.16M,0.86%,0.008594189110161592
2021-01-11,128.98,129.19,130.17,128.5,100.62M,-2.32%,-0.023523285160910033
2021-01-12,128.8,128.5,129.69,126.86,91.95M,-0.14%,-0.0013965399119778771
2021-01-13,130.89,128.76,131.45,128.49,88.64M,1.62%,0.016096462133374498
2021-01-14,128.91,130.8,131.0,128.76,90.22M,-1.51%,-0.015242789348614434
2021-01-15,127.14,128.78,130.22,127.0,111.60M,-1.37%,-0.013825644946750659
2021-01-19,127.83,127.78,128.71,126.94,90.76M,0.54%,0.005412414671667555
2021-01-20,132.03,128.66,132.49,128.55,104.32M,3.29%,0.032327913311179346
2021-01-21,136.87,133.8,139.67,133.59,120.53M,3.67%,0.0360024007320652
2021-01-22,139.07,136.28,139.85,135.02,114.46M,1.61%,0.01594583326734442
2021-01-25,142.92,143.07,145.09,136.54,157.61M,2.77%,0.02730762966468942
2021-01-26,143.16,143.6,144.3,141.37,98.39M,0.17%,0.0016778527426161351
2021-01-27,142.06,143.43,144.3,140.41,140.84M,-0.77%,-0.007713382328161091
2021-01-28,137.09,139.52,141.99,136.7,142.62M,-3.50%,-0.035611859121855015
2021-01-29,131.96,135.83,136.74,130.21,177.52M,-3.74%,-0.03813879808742826
2021-02-01,134.14,133.75,135.38,130.93,106.24M,1.65%,0.016385184311210322
2021-02-02,134.99,135.73,136.31,134.61,83.31M,0.63%,0.006316670949144583
2021-02-03,133.94,135.76,135.77,133.61,89.88M,-0.78%,-0.007808763138831582
2021-02-04,137.39,136.3,137.4,134.59,84.18M,2.58%,0.025431658453952743
2021-02-05,136.76,137.35,137.42,135.86,75.69M,-0.46%,-0.00459603216475632
2021-02-08,136.91,136.03,136.96,134.92,71.30M,0.11%,0.001096210874564164
2021-02-09,136.01,136.62,137.88,135.85,76.77M,-0.66%,-0.006595363201002615
2021-02-10,135.39,136.48,136.99,134.4,73.05M,-0.46%,-0.004568909937642521
2021-02-11,135.13,135.9,136.39,133.77,64.28M,-0.19%,-0.0019222244570247318
2021-02-12,135.37,134.35,135.53,133.69,60.15M,0.18%,0.0017744921477001938
2021-02-16,133.19,135.49,136.01,132.79,80.58M,-1.61%,-0.016235089984755684
2021-02-17,130.84,131.25,132.22,129.47,98.09M,-1.76%,-0.017801477542756006
2021-02-18,129.71,129.2,129.99,127.41,96.86M,-0.86%,-0.008674013317601462
2021-02-19,129.87,130.24,130.71,128.8,87.67M,0.12%,0.0012327607694172175
2021-02-22,126.0,128.01,129.72,125.6,103.92M,-2.98%,-0.03025204317052091
2021-02-23,125.86,123.76,126.71,118.39,158.27M,-0.11%,-0.0011117288526904293
2021-02-24,125.35,124.94,125.56,122.23,111.04M,-0.41%,-0.0040603534944851334
2021-02-25,120.99,124.68,126.46,120.54,148.20M,-3.48%,-0.03540192705091595
2021-02-26,121.26,122.59,124.85,121.2,164.56M,0.22%,0.002229103090198341
2021-03-01,127.79,123.75,127.93,122.79,116.31M,5.39%,0.052451290977027304
2021-03-02,125.12,128.41,128.72,125.01,102.26M,-2.09%,-0.021115014823611014
2021-03-03,122.06,124.81,125.71,121.84,112.97M,-2.45%,-0.02476054968065211
2021-03-04,120.13,121.75,123.6,118.62,178.15M,-1.58%,-0.015938237383065157
2021-03-05,121.42,120.98,121.93,117.57,153.77M,1.07%,0.010681119969004288
2021-03-08,116.36,120.93,121.0,116.21,154.38M,-4.17%,-0.042566776075287104
2021-03-09,121.08,119.03,122.06,118.79,129.53M,4.06%,0.03976265052651691
2021-03-10,119.98,121.69,122.17,119.45,111.94M,-0.91%,-0.00912642192857085
2021-03-11,121.96,122.54,123.21,121.26,103.03M,1.65%,0.016368059895106916
2021-03-12,121.03,120.4,121.17,119.16,88.11M,-0.76%,-0.007654673369541567
2021-03-15,123.99,121.41,124.0,120.42,92.59M,2.45%,0.024162468441238195
2021-03-16,125.57,125.7,127.22,124.71,115.23M,1.27%,0.01266245480912186
2021-03-17,124.76,124.05,125.86,122.34,111.93M,-0.65%,-0.006471480261269903
2021-03-18,120.53,122.88,123.18,120.32,121.47M,-3.39%,-0.03449320713935034
2021-03-19,119.99,119.9,121.43,119.68,185.55M,-0.45%,-0.004490278623954705
2021-03-22,123.39,120.33,123.87,120.26,111.91M,2.83%,0.027941664934144878
2021-03-23,122.54,123.33,124.24,122.14,95.47M,-0.69%,-0.006912563612933901
2021-03-24,120.09,122.82,122.9,120.07,88.53M,-2.00%,-0.020196045624916545
2021-03-25,120.59,119.54,121.66,119.0,98.84M,0.42%,0.004154900442909317
2021-03-26,121.21,120.35,121.48,118.92,94.07M,0.51%,0.005128216366919308
2021-03-29,121.39,121.65,122.58,120.73,80.82M,0.15%,0.0014839244272916957
2021-03-30,119.9,120.11,120.4,118.86,85.67M,-1.23%,-0.012350440876243644
2021-03-31,122.15,121.65,123.52,121.15,118.32M,1.88%,0.018591735670281013
2021-04-01,123.0,123.66,124.18,122.49,75.09M,0.70%,0.006934557668668006
2021-04-05,125.9,123.87,126.16,123.07,88.65M,2.36%,0.02330358567788408
2021-04-06,126.21,126.5,127.13,125.65,80.17M,0.25%,0.0024592452202377092
2021-04-07,127.9,125.83,127.92,125.14,83.47M,1.34%,0.013301522314257911
2021-04-08,130.36,128.95,130.39,128.52,88.84M,1.92%,0.019051145384563806
2021-04-09,132.99,129.8,133.04,129.47,106.69M,2.02%,0.01997408345571093
2021-04-12,131.24,132.52,132.85,130.63,91.42M,-1.32%,-0.013246229332170928
2021-04-13,134.43,132.44,134.66,131.93,91.27M,2.43%,0.024015909373260473
2021-04-14,132.03,134.94,135.0,131.65,87.22M,-1.79%,-0.018014447975051678
2021-04-15,134.5,133.82,135.0,133.64,89.35M,1.87%,0.018535029550784017
2021-04-16,134.16,134.3,134.67,133.28,84.92M,-0.25%,-0.0025310815269403803
2021-04-19,134.84,133.51,135.47,133.34,94.26M,0.51%,0.005055772850906507
2021-04-20,133.11,135.02,135.53,131.81,94.81M,-1.28%,-0.012913036306932081
2021-04-21,133.5,132.36,133.75,131.3,68.85M,0.29%,0.002925623781376236
2021-04-22,131.94,133.04,134.15,131.41,84.57M,-1.17%,-0.011754204045579428
2021-04-23,134.32,132.16,135.12,132.16,78.76M,1.80%,0.01787773897456058
2021-04-26,134.72,134.83,135.06,133.56,66.91M,0.30%,0.002973537724731363
2021-04-27,134.39,135.01,135.41,134.11,66.02M,-0.24%,-0.002452529935043896
2021-04-28,133.58,134.31,135.02,133.08,107.76M,-0.60%,-0.0060454712614826725
2021-04-29,133.48,136.47,137.07,132.45,151.10M,-0.07%,-0.0007488954143167978
2021-04-30,131.46,131.78,133.56,131.07,109.84M,-1.51%,-0.01524903104774294
2021-05-03,132.54,132.04,134.07,131.83,75.14M,0.82%,0.0081818638246506
2021-05-04,127.85,131.19,131.49,126.7,137.56M,-3.54%,-0.03602678492288519
2021-05-05,128.1,129.2,130.45,127.97,84.00M,0.20%,0.001953507165492868
2021-05-06,129.74,127.89,129.75,127.13,78.13M,1.28%,0.012721238882220928
2021-05-07,130.21,130.85,131.26,129.48,78.97M,0.36%,0.003616083955727677
2021-05-10,126.85,129.41,129.54,126.81,88.07M,-2.58%,-0.026143245695346207
2021-05-11,125.91,123.5,126.27,122.77,126.14M,-0.74%,-0.007437920031681659
2021-05-12,122.77,123.4,124.64,122.25,112.17M,-2.49%,-0.025254679820860593
2021-05-13,124.97,124.58,126.15,124.26,105.86M,1.79%,0.01776102230494378
2021-05-14,127.45,126.25,127.89,125.85,81.92M,1.98%,0.01965042232443228
2021-05-17,126.27,126.82,126.93,125.17,74.24M,-0.93%,-0.009301659371535508
2021-05-18,124.85,126.56,126.99,124.78,63.34M,-1.12%,-0.011309454724806734
2021-05-19,124.69,123.16,124.92,122.86,92.61M,-0.13%,-0.0012823597172874428
2021-05-20,127.31,125.23,127.72,125.1,76.86M,2.10%,0.020794400065059167
2021-05-21,125.43,127.82,128.0,125.21,79.30M,-1.48%,-0.01487722303697063
2021-05-24,127.1,126.01,127.94,125.94,63.09M,1.33%,0.01322634415882497
2021-05-25,126.9,127.82,128.32,126.32,72.01M,-0.16%,-0.0015748034750662897
2021-05-26,126.85,126.96,127.39,126.42,56.58M,-0.04%,-0.0003940886750511524
2021-05-27,125.28,126.44,127.64,125.08,94.63M,-1.24%,-0.012454053802797845
2021-05-28,124.61,125.57,125.8,124.55,71.31M,-0.53%,-0.005362372287716765
2021-06-01,124.28,125.08,125.35,123.94,67.64M,-0.26%,-0.002651775429929517
2021-06-02,125.06,124.28,125.24,124.05,59.28M,0.63%,0.0062565376143051375
2021-06-03,123.54,124.68,124.85,123.13,76.23M,-1.22%,-0.012228631871398752
2021-06-04,125.89,124.07,126.16,123.85,75.17M,1.90%,0.018843519510414825
2021-06-07,125.9,126.17,126.32,124.83,71.06M,0.01%,7.943127213360694e-05
2021-06-08,126.74,126.6,128.46,126.21,74.40M,0.67%,0.0066498028450693285
2021-06-09,127.13,127.21,127.75,126.52,56.88M,0.31%,0.0030724410666602806
2021-06-10,126.11,127.02,128.19,125.94,71.19M,-0.80%,-0.00805564299424793
2021-06-11,127.35,126.53,127.44,126.1,53.52M,0.98%,0.009784659457682955
2021-06-14,130.48,127.82,130.54,127.07,96.91M,2.46%,0.024280756887292355
2021-06-15,129.64,129.94,130.6,129.39,62.75M,-0.64%,-0.0064585800394118195
2021-06-16,130.15,130.37,130.89,128.46,91.82M,0.39%,0.003926253167227961
2021-06-17,131.79,129.8,132.55,129.65,96.72M,1.26%,0.012522115215223385
2021-06-18,130.46,130.71,131.51,130.24,108.95M,-1.01%,-0.010143080287847817
2021-06-21,132.3,130.3,132.41,129.21,79.66M,1.41%,0.014005404752960197
2021-06-22,133.98,132.13,134.08,131.62,74.78M,1.27%,0.012618463959211245
2021-06-23,133.7,133.77,134.32,133.23,60.21M,-0.21%,-0.0020920509722240632
2021-06-24,133.41,134.45,134.64,132.93,68.71M,-0.22%,-0.0021713909171827113
2021-06-25,133.11,133.46,133.89,132.81,70.78M,-0.22%,-0.0022512391317868856
2021-06-28,134.78,133.41,135.24,133.35,62.11M,1.25%,0.012467965459143053
2021-06-29,136.33,134.8,136.49,134.35,64.56M,1.15%,0.011434597679967537
2021-06-30,136.96,136.17,137.41,135.87,63.26M,0.46%,0.004610495195393606
2021-07-01,137.27,136.6,137.33,135.76,52.49M,0.23%,0.0022608768701362194
2021-07-02,139.96,137.9,140.0,137.74,78.95M,1.96%,0.019406878235919148
2021-07-06,142.02,140.07,143.15,140.07,108.18M,1.47%,0.014611225254460288
2021-07-07,144.57,143.54,144.89,142.66,104.91M,1.80%,0.017795926566403365
2021-07-08,143.24,141.58,144.06,140.66,105.58M,-0.92%,-0.009242274190118959
2021-07-09,145.11,142.75,145.65,142.65,99.89M,1.31%,0.012970530372769561
2021-07-12,144.5,146.21,146.32,144.0,76.30M,-0.42%,-0.004212567950514729
2021-07-13,145.64,144.03,147.46,143.63,100.83M,0.79%,0.007858315754745788
2021-07-14,149.15,148.1,149.57,147.68,127.05M,2.41%,0.023814687653525065
2021-07-15,148.48,149.24,150.0,147.09,106.82M,-0.45%,-0.00450224192286715
2021-07-16,146.39,148.46,149.76,145.88,93.25M,-1.41%,-0.014175975854570004
2021-07-19,142.45,143.75,144.07,141.67,121.43M,-2.69%,-0.027283232239403096
2021-07-20,146.15,143.46,147.1,142.96,96.35M,2.60%,0.02564243061333787
2021-07-21,145.4,145.53,146.13,144.63,74.99M,-0.51%,-0.005144926457835942
2021-07-22,146.8,145.93,148.2,145.81,77.34M,0.96%,0.009582551080996156
2021-07-23,148.56,147.55,148.72,146.92,71.45M,1.20%,0.011917800864035103
2021-07-26,148.99,148.27,149.83,147.7,72.43M,0.29%,0.002890272554797575
2021-07-27,146.77,149.12,149.21,145.55,104.82M,-1.49%,-0.015012453976140393
2021-07-28,144.98,144.81,146.97,142.54,118.93M,-1.22%,-0.012270933750375825
2021-07-29,145.64,144.68,146.55,144.58,56.70M,0.46%,0.004542021434500986
2021-07-30,145.86,144.38,146.33,144.11,70.44M,0.15%,0.001509434248854562
2021-08-02,145.52,146.36,146.95,145.25,62.88M,-0.23%,-0.0023337233462202116
2021-08-03,147.36,145.81,148.04,145.18,64.79M,1.26%,0.012565038297129844
2021-08-04,146.95,147.27,147.79,146.28,56.37M,-0.28%,-0.0027861796420705514
2021-08-05,147.06,146.98,147.84,146.17,46.40M,0.07%,0.0007482739031498518
2021-08-06,146.14,146.35,147.11,145.63,54.13M,-0.63%,-0.0062756004050045985
2021-08-09,146.09,146.2,146.7,145.52,48.91M,-0.03%,-0.000342196218649008
2021-08-10,145.6,146.44,147.71,145.3,69.02M,-0.34%,-0.0033597343818371384
2021-08-11,145.86,146.05,146.72,145.53,48.49M,0.18%,0.0017841217935016136
2021-08-12,148.89,146.19,149.05,145.84,73.78M,2.08%,0.020560520711371863
2021-08-13,149.1,148.97,149.44,148.27,59.38M,0.14%,0.001409443503233604
2021-08-16,151.12,148.54,151.19,146.47,103.56M,1.35%,0.013457001422561371
2021-08-17,150.19,150.23,151.68,149.09,92.23M,-0.62%,-0.006173063975764811
2021-08-18,146.36,149.8,150.72,146.15,86.33M,-2.55%,-0.025831819066483262
2021-08-19,146.7,145.03,148.0,144.5,86.96M,0.23%,0.0023203449979298167
2021-08-20,148.19,147.44,148.5,146.78,60.55M,1.02%,0.010105549053151124
2021-08-23,149.71,148.31,150.19,147.89,60.13M,1.03%,0.010204855259658184
2021-08-24,149.62,149.45,150.86,149.15,48.61M,-0.06%,-0.0006013430174864032
2021-08-25,148.36,149.81,150.32,147.8,58.99M,-0.84%,-0.008456993822868752
2021-08-26,147.54,148.35,149.12,147.51,48.60M,-0.55%,-0.0055424271652339836
2021-08-27,148.6,147.48,148.75,146.83,55.80M,0.72%,0.007158806827502541
2021-08-30,153.12,149.0,153.49,148.61,90.96M,3.04%,0.029963795420985342
2021-08-31,151.83,152.66,152.8,151.29,86.45M,-0.84%,-0.008460453810547785
2021-09-01,152.51,152.83,154.98,152.34,80.31M,0.45%,0.00446869377399586
2021-09-02,153.65,153.87,154.72,152.4,71.17M,0.75%,0.007447120908401264
2021-09-03,154.3,153.76,154.63,153.09,57.87M,0.42%,0.004221470792621473
2021-09-07,156.69,154.97,157.26,154.39,82.28M,1.55%,0.01537057174720172
2021-09-08,155.11,156.98,157.04,153.98,74.42M,-1.01%,-0.010134788479657476
2021-09-09,154.07,155.49,156.11,153.95,57.31M,-0.67%,-0.0067274980429759485
2021-09-10,148.97,155.0,155.48,148.7,140.89M,-3.31%,-0.033662101202181986
2021-09-13,149.55,150.63,151.42,148.75,102.40M,0.39%,0.0038858416844554447
2021-09-14,148.12,150.35,151.07,146.91,109.30M,-0.96%,-0.009608029030545149
2021-09-15,149.03,148.56,149.44,146.37,83.28M,0.61%,0.006124871915289363
2021-09-16,148.79,148.44,148.97,147.22,68.03M,-0.16%,-0.001611712121095427
2021-09-17,146.06,148.82,148.82,145.76,129.87M,-1.83%,-0.018518419647642212
2021-09-20,142.94,143.8,144.84,141.27,123.48M,-2.14%,-0.021592534400130897
2021-09-21,143.43,143.93,144.6,142.78,75.83M,0.34%,0.0034221495142890373
2021-09-22,145.85,144.45,146.43,143.7,76.40M,1.69%,0.01673158500760854
2021-09-23,146.83,146.65,147.08,145.64,64.84M,0.67%,0.006696758661115966
2021-09-24,146.92,145.66,147.47,145.56,53.48M,0.06%,0.0006127659766201585
2021-09-27,145.37,145.47,145.96,143.82,74.15M,-1.05%,-0.010606004513232927
2021-09-28,141.91,143.25,144.75,141.69,108.97M,-2.38%,-0.024089162591787436
2021-09-29,142.83,142.47,144.45,142.03,74.60M,0.65%,0.006462058028091024
2021-09-30,141.5,143.66,144.38,141.28,89.06M,-0.93%,-0.009355394791244857
2021-10-01,142.65,141.9,142.92,139.11,94.64M,0.81%,0.00809436057621679
2021-10-04,139.14,141.76,142.21,138.27,98.32M,-2.46%,-0.024913457164013858
2021-10-05,141.11,139.49,142.24,139.36,80.86M,1.42%,0.01405910757417417
2021-10-06,142.0,139.47,142.15,138.37,83.22M,0.63%,0.006287329531591389
2021-10-07,143.29,143.06,144.21,142.72,61.73M,0.91%,0.009043491127250603
2021-10-08,142.9,144.03,144.18,142.56,58.77M,-0.27%,-0.002725463792689636
2021-10-11,142.81,142.27,144.81,141.81,64.45M,-0.06%,-0.0006300094709799733
2021-10-12,141.51,143.23,143.25,141.04,73.04M,-0.91%,-0.0091446895005619
2021-10-13,140.91,141.24,141.4,139.2,78.76M,-0.42%,-0.00424899725726652
2021-10-14,143.76,142.11,143.88,141.51,69.91M,2.02%,0.02002385376829006
2021-10-15,144.84,143.77,144.9,143.51,67.94M,0.75%,0.007484442422137034
2021-10-18,146.55,143.45,146.84,143.16,85.59M,1.18%,0.011736982259461024
2021-10-19,148.76,147.01,149.17,146.55,76.38M,1.51%,0.014967601899967745
2021-10-20,149.26,148.7,149.75,148.12,58.42M,0.34%,0.003355482646372121
2021-10-21,149.48,148.81,149.64,147.87,61.42M,0.15%,0.0014728529140418055
2021-10-22,148.69,149.69,150.18,148.64,58.88M,-0.53%,-0.0052990029081512405
2021-10-25,148.64,148.68,149.37,147.62,50.72M,-0.03%,-0.00033632664360360196
2021-10-26,149.32,149.33,150.84,149.01,60.89M,0.46%,0.004564378980854675
2021-10-27,148.85,149.36,149.73,148.49,56.09M,-0.31%,-0.0031525665845976805
2021-10-28,152.57,149.82,153.16,149.72,100.08M,2.50%,0.024684419663325408
2021-10-29,149.8,147.21,149.94,146.41,124.95M,-1.82%,-0.018322436041991564
2021-11-01,148.96,148.99,149.7,147.8,74.59M,-0.56%,-0.005623257554362232
2021-11-02,150.02,148.66,151.57,148.65,69.12M,0.71%,0.00709080501273341
2021-11-03,151.49,150.39,151.97,149.82,54.51M,0.98%,0.009750997628741933
2021-11-04,150.96,151.58,152.43,150.64,60.39M,-0.35%,-0.0035047151099374682
2021-11-05,151.28,151.89,152.2,150.06,65.46M,0.21%,0.002117523289907283
2021-11-08,150.44,151.41,151.57,150.16,55.02M,-0.56%,-0.00556809074806643
2021-11-09,150.81,150.2,151.43,150.06,56.79M,0.25%,0.0024564327704580274
2021-11-10,147.92,150.02,150.13,147.85,65.19M,-1.92%,-0.01934917929372427
2021-11-11,147.87,148.96,149.43,147.68,41.00M,-0.03%,-0.0003380776934732148
2021-11-12,149.99,148.43,150.4,147.48,63.80M,1.43%,0.014235115821872129
2021-11-15,150.0,150.37,151.88,149.43,59.22M,0.01%,6.666888898768905e-05
2021-11-16,151.0,149.94,151.49,149.34,59.26M,0.67%,0.006644542718668511
2021-11-17,153.49,150.99,155.0,150.99,88.81M,1.65%,0.016355581510392483
2021-11-18,157.87,153.71,158.67,153.05,137.83M,2.85%,0.028136491218318724
2021-11-19,160.55,157.65,161.02,156.53,117.31M,1.70%,0.016833510991887547
2021-11-22,161.02,161.68,165.7,161.0,117.47M,0.29%,0.002923160336311747
2021-11-23,161.41,161.12,161.8,159.06,96.04M,0.24%,0.0024191309133534673
2021-11-24,161.94,160.75,162.14,159.64,69.46M,0.33%,0.0032781844727800494
2021-11-26,156.81,159.57,160.45,156.36,76.96M,-3.17%,-0.032191014865028136
2021-11-29,160.24,159.37,161.19,158.79,88.75M,2.19%,0.021637809964622775
2021-11-30,165.3,159.99,165.52,159.92,174.05M,3.16%,0.031089313469415767
2021-12-01,164.77,167.48,170.3,164.53,152.42M,-0.32%,-0.0032114427576384165
2021-12-02,163.76,158.74,164.2,157.8,136.74M,-0.61%,-0.006148620716306082
2021-12-03,161.84,164.02,164.96,159.72,118.02M,-1.17%,-0.01179374849354395
2021-12-06,165.32,164.29,167.88,164.28,107.50M,2.15%,0.02127479678404161
2021-12-07,171.18,169.08,171.58,168.34,120.41M,3.54%,0.03483264480993215
2021-12-08,175.08,172.13,175.96,170.7,117.00M,2.28%,0.022527377869230893
2021-12-09,174.56,174.91,176.75,173.92,108.92M,-0.30%,-0.0029744902379339366
2021-12-10,179.45,175.21,179.63,174.69,115.40M,2.80%,0.027628095508855456
2021-12-13,175.74,181.12,182.13,175.53,153.24M,-2.07%,-0.02089098752591904
2021-12-14,174.33,175.25,177.74,172.21,139.38M,-0.80%,-0.008055575312573202
2021-12-15,179.3,175.11,179.5,172.31,131.06M,2.85%,0.028110325855963285
2021-12-16,172.26,179.28,181.14,170.75,150.19M,-3.93%,-0.04005541725005972
2021-12-17,171.14,169.93,173.47,169.69,195.92M,-0.65%,-0.006523028371118828
2021-12-20,169.75,168.28,170.58,167.46,107.50M,-0.81%,-0.008155168551103186
2021-12-21,172.99,171.55,173.2,169.12,91.19M,1.91%,0.018907022920080604
2021-12-22,175.64,173.04,175.86,172.15,92.14M,1.53%,0.015202656334630518
2021-12-23,176.28,175.85,176.85,175.27,68.36M,0.36%,0.00363719428026961
2021-12-27,180.33,177.09,180.42,177.07,74.92M,2.30%,0.022714865745394237
2021-12-28,179.29,180.16,181.33,178.53,79.14M,-0.58%,-0.005783899111844556
2021-12-29,179.38,179.33,180.63,178.14,62.35M,0.05%,0.0005018540825211335
2021-12-30,178.2,179.47,180.57,178.09,59.77M,-0.66%,-0.006599945653148106
2021-12-31,177.57,178.09,179.23,177.26,64.06M,-0.35%,-0.0035416176659655413
2022-01-03,182.01,177.83,182.88,177.71,104.70M,2.50%,0.024696733251572688
2022-01-04,179.7,182.63,182.94,179.12,99.31M,-1.27%,-0.01277283683280277
2022-01-05,174.92,179.61,180.17,174.64,94.54M,-2.66%,-0.026960067244793544
2022-01-06,172.0,172.7,175.3,171.64,96.90M,-1.67%,-0.016834249731266782
2022-01-07,172.17,172.89,174.14,171.03,86.71M,0.10%,0.000987883974927863
2022-01-10,172.19,169.08,172.5,168.17,106.77M,0.01%,0.00011615750971362804
2022-01-11,175.08,172.32,175.18,170.82,76.14M,1.68%,0.016644494024600158
2022-01-12,175.53,176.12,177.18,174.82,74.81M,0.26%,0.002566956145559744
2022-01-13,172.19,175.78,176.62,171.79,84.51M,-1.90%,-0.01921145017015996
2022-01-14,173.07,171.34,173.78,171.09,80.44M,0.51%,0.005097618638813136
2022-01-18,169.8,171.51,172.54,169.4,91.17M,-1.89%,-0.019074863059660753
2022-01-19,166.23,170.0,171.08,165.94,94.81M,-2.10%,-0.021248902329879072
2022-01-20,164.51,166.98,169.68,164.18,91.42M,-1.03%,-0.010401012916038935
2022-01-21,162.41,164.41,166.33,162.3,122.85M,-1.28%,-0.012847356444817501
2022-01-24,161.62,160.02,162.3,154.7,162.71M,-0.49%,-0.004876101381209836
2022-01-25,159.78,158.98,162.76,157.02,115.80M,-1.14%,-0.011450031751405689
2022-01-26,159.69,163.5,164.39,157.82,108.28M,-0.06%,-0.0005634332011201637
2022-01-27,159.22,162.45,163.84,158.28,121.95M,-0.29%,-0.0029475421923435903
2022-01-28,170.33,165.71,170.35,162.8,179.94M,6.98%,0.06745083821205389
2022-01-31,174.78,170.16,175.0,169.51,115.54M,2.61%,0.025790308326912197
2022-02-01,174.61,174.01,174.84,172.31,86.21M,-0.10%,-0.0009731246653620436
2022-02-02,175.84,174.74,175.88,173.33,84.91M,0.70%,0.007019575121275115
2022-02-03,172.9,174.48,176.24,172.12,89.42M,-1.67%,-0.01686109796606644
2022-02-04,172.39,171.68,174.1,170.68,82.47M,-0.29%,-0.002954040782357686
2022-02-07,171.66,172.86,173.95,170.95,77.25M,-0.42%,-0.004243575616813313
2022-02-08,174.83,171.73,175.35,171.43,74.83M,1.85%,0.018298296919483707
2022-02-09,176.28,176.05,176.65,174.9,71.29M,0.83%,0.008259566764228612
2022-02-10,172.12,174.14,175.48,171.55,90.87M,-2.36%,-0.02388173200338736
2022-02-11,168.64,172.33,173.08,168.04,98.67M,-2.02%,-0.02042564261740149
2022-02-14,168.88,167.37,169.58,166.56,86.19M,0.14%,0.0014221381870677026
2022-02-15,172.79,170.97,172.95,170.25,64.29M,2.32%,0.022888580784965116
2022-02-16,172.55,171.85,173.34,170.05,61.18M,-0.14%,-0.0013899347810178981
2022-02-17,168.88,171.03,171.91,168.47,69.59M,-2.13%,-0.021498646003947346
2022-02-18,167.3,169.82,170.54,166.19,82.77M,-0.94%,-0.009399795547286824
2022-02-22,164.32,164.98,166.69,162.15,91.16M,-1.78%,-0.01797286181253025
2022-02-23,160.07,165.54,166.15,159.75,90.01M,-2.59%,-0.026204526621641896
2022-02-24,162.74,152.58,162.85,152.0,141.15M,1.67%,0.01654261570990522
2022-02-25,164.85,163.84,165.12,160.87,91.97M,1.30%,0.012882134249228717
2022-02-28,165.12,163.06,165.42,162.43,95.06M,0.16%,0.0016365127754580102
2022-03-01,163.2,164.7,166.6,161.97,83.47M,-1.16%,-0.011696039763191411
2022-03-02,166.56,164.39,167.36,162.95,79.72M,2.06%,0.020379162336652264
2022-03-03,166.23,168.47,168.91,165.55,76.68M,-0.20%,-0.001983233319290826
2022-03-04,163.17,164.49,165.55,162.1,83.82M,-1.84%,-0.018579769444388956
2022-03-07,159.3,163.36,165.02,159.04,96.42M,-2.37%,-0.0240033851869761
2022-03-08,157.44,158.82,162.88,155.8,131.15M,-1.17%,-0.011744783612059648
2022-03-09,162.95,161.48,163.41,159.41,91.45M,3.50%,0.03439897197962718
2022-03-10,158.52,160.2,160.39,155.98,105.34M,-2.72%,-0.02756263696133615
2022-03-11,154.73,158.93,159.28,154.5,96.97M,-2.39%,-0.024199105820653113
2022-03-14,150.62,151.45,154.12,150.1,108.73M,-2.66%,-0.02692155382837553
2022-03-15,155.09,150.9,155.57,150.38,92.96M,2.97%,0.029245484898155715
2022-03-16,159.59,157.05,160.0,154.46,102.30M,2.90%,0.028602432839733512
2022-03-17,160.62,158.61,161.0,157.63,75.62M,0.65%,0.0064333003492210526
2022-03-18,163.98,160.51,164.48,159.76,123.51M,2.09%,0.020703142407715418
2022-03-21,165.38,163.51,166.35,163.01,95.81M,0.85%,0.008501387125989105
2022-03-22,168.82,165.51,169.42,164.91,81.53M,2.08%,0.020587202261553337
2022-03-23,170.21,167.99,172.64,167.65,98.06M,0.82%,0.008199910264307822
2022-03-24,174.07,171.06,174.14,170.21,90.13M,2.27%,0.02242454834473603
2022-03-25,174.72,173.88,175.28,172.75,80.55M,0.37%,0.0037271753919224295
2022-03-28,175.6,172.17,175.73,172.0,90.37M,0.50%,0.005023988644476046
2022-03-29,178.96,176.69,179.01,176.34,100.59M,1.91%,0.018953635980857995
2022-03-30,177.77,178.55,179.61,176.7,92.63M,-0.66%,-0.006671737247280067
2022-03-31,174.61,177.84,178.03,174.4,103.05M,-1.78%,-0.01793566440055791
2022-04-01,174.31,174.03,174.88,171.94,78.75M,-0.17%,-0.0017195923072621253
2022-04-04,178.44,174.57,178.49,174.44,76.55M,2.37%,0.02341708703328987
2022-04-05,175.06,177.5,178.3,174.41,73.40M,-1.89%,-0.019123637955772054
2022-04-06,171.83,172.36,173.63,170.13,89.06M,-1.85%,-0.01862315634563808
2022-04-07,172.14,171.16,173.36,169.85,77.59M,0.18%,0.0018024832626744912
2022-04-08,170.09,171.78,171.78,169.2,76.58M,-1.19%,-0.011980390495327974
2022-04-11,165.75,168.71,169.03,165.5,72.25M,-2.55%,-0.02584707966002851
2022-04-12,167.66,168.02,169.87,166.64,79.27M,1.15%,0.011457490143739299
2022-04-13,170.4,167.39,171.04,166.77,70.62M,1.63%,0.01621049518550403
2022-04-14,165.29,170.62,171.27,165.04,75.33M,-3.00%,-0.030447107465953395
2022-04-18,165.07,163.92,166.6,163.57,69.02M,-0.13%,-0.0013318805698123541
2022-04-19,167.4,165.02,167.82,163.91,67.72M,1.41%,0.014016531695925443
2022-04-20,167.23,168.76,168.88,166.1,67.93M,-0.10%,-0.001016047662343538
2022-04-21,166.42,168.91,171.53,165.91,87.23M,-0.48%,-0.004855396920747667
2022-04-22,161.79,166.46,167.87,161.5,84.88M,-2.78%,-0.02821551545503849
2022-04-25,162.88,161.12,163.17,158.46,96.05M,0.67%,0.00671453534491259
2022-04-26,156.8,162.25,162.34,156.72,95.62M,-3.73%,-0.03804262544585032
2022-04-27,156.57,155.91,159.79,155.38,88.06M,-0.15%,-0.0014679135928759824
2022-04-28,163.64,159.25,164.51,158.93,130.22M,4.52%,0.044165698737766164
2022-04-29,157.65,161.84,166.2,157.25,131.75M,-3.66%,-0.03729150707012786
2022-05-02,157.96,156.71,158.23,153.27,123.06M,0.20%,0.001964450427378937
2022-05-03,159.48,158.15,160.71,156.32,88.97M,0.96%,0.0095766860947054
2022-05-04,166.02,159.67,166.48,159.26,108.26M,4.10%,0.04018974051373543
2022-05-05,156.77,163.85,164.08,154.95,130.53M,-5.57%,-0.057328499946449896
2022-05-06,157.28,156.01,159.44,154.18,116.12M,0.33%,0.0032478933184167747
2022-05-09,152.06,154.93,155.83,151.49,131.58M,-3.32%,-0.033752476598565784
2022-05-10,154.51,155.52,156.74,152.93,115.37M,1.61%,0.015983639362036096
2022-05-11,146.5,153.5,155.45,145.81,142.69M,-5.18%,-0.053233390705204775
2022-05-12,142.56,142.77,146.2,138.8,182.60M,-2.69%,-0.027262464734622755
2022-05-13,147.11,144.59,148.1,143.11,113.99M,3.19%,0.03141764253962142
2022-05-16,145.54,145.55,147.52,144.18,86.64M,-1.07%,-0.010729643343180209
2022-05-17,149.24,148.86,149.77,146.68,78.34M,2.54%,0.025104785434016844
2022-05-18,140.82,146.85,147.36,139.9,109.74M,-5.64%,-0.058073269261970054
2022-05-19,137.35,139.88,141.66,136.6,136.10M,-2.46%,-0.02495006654970432
2022-05-20,137.59,139.09,140.7,132.61,137.43M,0.17%,0.001745835898442212
2022-05-23,143.11,137.79,143.26,137.65,117.73M,4.01%,0.03933531688305942
2022-05-24,140.36,140.8,141.97,137.33,104.13M,-1.92%,-0.019403014607770126
2022-05-25,140.52,138.43,141.79,138.34,92.48M,0.11%,0.0011392766826118835
2022-05-26,143.78,137.39,144.34,137.14,90.60M,2.32%,0.022934526158099194
2022-05-27,149.64,145.39,149.68,145.26,90.98M,4.08%,0.03994805592421971
2022-05-31,148.84,149.07,150.66,146.84,103.72M,-0.53%,-0.005360506001523477
2022-06-01,148.71,149.9,151.74,147.68,74.29M,-0.09%,-0.0008738027778294648
2022-06-02,151.21,147.83,151.27,146.86,72.35M,1.68%,0.016671498423985562
2022-06-03,145.38,146.9,147.97,144.46,88.57M,-3.86%,-0.03931859506808852
2022-06-06,146.14,147.03,148.57,144.9,71.60M,0.52%,0.005214062306582319
2022-06-07,148.71,144.35,149.0,144.1,67.81M,1.76%,0.017433034337520525
2022-06-08,147.96,148.58,149.87,147.46,53.95M,-0.50%,-0.005056133736338925
2022-06-09,142.64,147.08,147.95,142.53,69.47M,-3.60%,-0.03661799340936847
2022-06-10,137.13,140.28,140.76,137.06,91.57M,-3.86%,-0.03939459254312223
2022-06-13,131.88,132.87,135.2,131.44,122.21M,-3.83%,-0.03903696280823235
2022-06-14,132.76,133.13,133.89,131.48,84.78M,0.67%,0.00665056864824343
2022-06-15,135.43,134.29,137.34,132.16,91.53M,2.01%,0.019911914815506283
2022-06-16,130.06,132.08,132.39,129.04,107.96M,-3.97%,-0.040459019226274213
2022-06-17,131.56,130.07,133.08,129.81,134.52M,1.15%,0.011467138879850552
2022-06-21,135.87,133.42,137.06,133.32,81.00M,3.28%,0.03223552491537594
2022-06-22,135.35,134.79,137.76,133.91,73.41M,-0.38%,-0.0038345301759220973
2022-06-23,138.27,136.82,138.59,135.63,72.43M,2.16%,0.021344279340216425
2022-06-24,141.66,139.9,141.91,139.77,89.12M,2.45%,0.02422152492494989
2022-06-27,141.66,142.7,143.49,140.96,70.21M,0.00%,0.0
2022-06-28,137.44,142.13,143.42,137.32,67.32M,-2.98%,-0.03024236208953133
2022-06-29,139.23,137.46,140.67,136.67,66.24M,1.30%,0.012939783685248842
2022-06-30,136.72,137.25,138.37,133.77,98.96M,-1.80%,-0.01819220311385862
2022-07-01,138.93,136.04,139.04,135.66,71.05M,1.62%,0.01603517035343482
2022-07-05,141.56,137.77,141.61,136.93,73.43M,1.89%,0.018753446316492256
2022-07-06,142.92,141.35,144.12,141.08,74.06M,0.96%,0.00956137767794631
2022-07-07,146.35,143.29,146.55,143.28,66.25M,2.40%,0.023715979982685924
2022-07-08,147.04,145.26,147.55,145.0,64.55M,0.47%,0.004703645469481986
2022-07-11,144.87,145.67,146.64,143.78,63.31M,-1.48%,-0.014867870053816581
2022-07-12,145.86,145.76,148.45,145.05,77.59M,0.68%,0.006810469002526879
2022-07-13,145.49,142.99,146.45,142.12,71.19M,-0.25%,-0.002539901828789713
2022-07-14,148.47,144.08,148.95,143.25,78.14M,2.05%,0.020275561904607046
2022-07-15,150.17,149.78,150.86,148.2,76.26M,1.15%,0.011385068060284869
2022-07-18,147.07,150.74,151.57,146.7,81.42M,-2.06%,-0.020859321779966928
2022-07-19,151.0,147.92,151.23,146.91,82.98M,2.67%,0.026371172902702068
2022-07-20,153.04,151.12,153.72,150.37,64.82M,1.35%,0.013419488317073009
2022-07-21,155.35,154.5,155.57,151.94,65.09M,1.51%,0.014981310707059077
2022-07-22,154.09,155.39,156.28,153.41,66.68M,-0.81%,-0.00814378854529432
2022-07-25,152.95,154.01,155.04,152.28,53.62M,-0.74%,-0.00742577669684965
2022-07-26,151.6,152.26,153.09,150.8,55.14M,-0.88%,-0.008865597388641167
2022-07-27,156.79,152.58,157.33,152.16,78.62M,3.42%,0.033661857164087886
2022-07-28,157.35,156.98,157.64,154.41,81.38M,0.36%,0.00356529313805682
2022-07-29,162.51,161.24,163.63,159.5,101.79M,3.28%,0.03226691482750138
2022-08-01,161.51,161.01,163.59,160.89,67.83M,-0.62%,-0.006172478087495445
2022-08-02,160.01,160.1,162.41,159.63,59.91M,-0.93%,-0.00933074696963854
2022-08-03,166.13,160.84,166.59,160.75,82.51M,3.82%,0.037534301117603995
2022-08-04,165.81,166.01,167.19,164.43,55.47M,-0.19%,-0.0019280598851060776
2022-08-05,165.35,163.21,165.85,163.0,56.70M,-0.28%,-0.0027781150854795243
2022-08-08,164.87,166.37,167.81,164.2,60.36M,-0.29%,-0.0029071548547145764
2022-08-09,164.92,164.02,165.82,163.25,63.14M,0.03%,0.00030322326561203414
2022-08-10,169.24,167.68,169.34,166.9,70.17M,2.62%,0.025857318013167582
2022-08-11,168.49,170.06,170.99,168.19,57.15M,-0.44%,-0.004441425001572894
2022-08-12,172.1,169.82,172.17,169.4,68.04M,2.14%,0.02119930236719969
2022-08-15,173.19,171.52,173.39,171.35,54.09M,0.63%,0.006313554523458157
2022-08-16,173.03,172.78,173.71,171.66,56.38M,-0.09%,-0.0009242678723948366
2022-08-17,174.55,172.77,176.15,172.57,79.54M,0.88%,0.008746243682488173
2022-08-18,174.15,173.75,174.9,173.12,62.29M,-0.23%,-0.002294236739034867
2022-08-19,171.52,173.03,173.74,171.31,70.35M,-1.51%,-0.015217118929572997
2022-08-22,167.57,169.69,169.86,167.13,69.03M,-2.30%,-0.023298703469804533
2022-08-23,167.23,167.08,168.71,166.65,54.15M,-0.20%,-0.002031064019601298
2022-08-24,167.53,167.32,168.11,166.24,53.84M,0.18%,0.0017923293124096336
2022-08-25,170.03,168.78,170.14,168.35,51.22M,1.49%,0.014812452363953522
2022-08-26,163.62,170.57,171.05,163.56,78.96M,-3.77%,-0.03842822598384227
2022-08-29,161.38,161.15,162.9,159.82,73.31M,-1.37%,-0.013784833665191665
2022-08-30,158.91,162.13,162.56,157.72,77.91M,-1.53%,-0.015423828195815451
2022-08-31,157.22,160.3,160.58,157.14,87.99M,-1.06%,-0.010691905858934557
2022-09-01,157.96,156.64,158.42,154.67,74.23M,0.47%,0.004695738052838246
2022-09-02,155.81,159.75,160.36,154.96,76.96M,-1.36%,-0.013704520189185528
2022-09-06,154.53,156.47,157.09,153.69,73.71M,-0.82%,-0.008249063983659639
2022-09-07,155.96,154.82,156.67,153.61,87.45M,0.93%,0.009211311868793119
2022-09-08,154.46,154.64,156.36,152.68,84.92M,-0.96%,-0.009664400973278777
2022-09-09,157.37,155.47,157.82,154.75,68.08M,1.88%,0.018664557471655165
2022-09-12,163.43,159.59,164.26,159.3,104.96M,3.85%,0.03778504349219348
2022-09-13,153.84,159.9,160.54,153.37,122.66M,-5.87%,-0.06047166282444233
2022-09-14,155.31,154.79,157.1,153.61,87.97M,0.96%,0.009510018301395286
2022-09-15,152.37,154.65,155.24,151.38,90.48M,-1.89%,-0.01911134610065631
2022-09-16,150.7,151.21,151.35,148.37,162.28M,-1.10%,-0.011020667848813703
2022-09-19,154.48,149.31,154.56,149.1,81.47M,2.51%,0.02477353248780928
2022-09-20,156.9,153.4,158.08,153.08,107.69M,1.57%,0.015544021618728036
2022-09-21,153.72,157.34,158.74,153.6,101.70M,-2.03%,-0.020475894042343717
2022-09-22,152.74,152.38,154.47,150.91,86.65M,-0.64%,-0.006395636236405092
2022-09-23,150.43,151.19,151.47,148.56,96.03M,-1.51%,-0.015239269750505706
2022-09-26,150.77,149.66,153.77,149.64,93.34M,0.23%,0.002257637081094693
2022-09-27,151.76,152.74,154.72,149.95,84.44M,0.66%,0.006544828835931473
2022-09-28,149.84,147.64,150.64,144.84,146.69M,-1.27%,-0.012732267490925599
2022-09-29,142.48,146.1,146.72,140.68,128.14M,-4.91%,-0.05036641915442698
2022-09-30,138.2,141.28,143.1,138.0,124.93M,-3.00%,-0.030499727647836726
2022-10-03,142.45,138.21,143.07,137.68,114.31M,3.08%,0.03028914961034772
2022-10-04,146.1,145.03,146.22,144.26,87.83M,2.56%,0.025300257812736527
2022-10-05,146.4,144.07,147.38,143.01,79.47M,0.21%,0.002051282770557361
2022-10-06,145.43,145.81,147.54,145.22,68.40M,-0.66%,-0.006647730337592336
2022-10-07,140.09,142.54,143.1,139.45,85.93M,-3.67%,-0.037409797981596236
2022-10-10,140.42,140.42,141.89,138.57,74.90M,0.24%,0.0023528583810801403
2022-10-11,138.98,139.9,141.35,138.22,77.03M,-1.03%,-0.010307893702921423
2022-10-12,138.34,139.13,140.36,138.16,70.43M,-0.46%,-0.00461561471374251
2022-10-13,142.99,134.99,143.59,134.37,113.22M,3.36%,0.0330602745723172
2022-10-14,138.38,144.31,144.52,138.19,88.60M,-3.22%,-0.032771173674090937
2022-10-17,142.41,141.07,142.9,140.27,85.25M,2.91%,0.028706697160671407
2022-10-18,143.75,145.49,146.7,140.61,99.14M,0.94%,0.009365458446123428
2022-10-19,143.86,141.69,144.95,141.5,61.76M,0.08%,0.0007649247617504076
2022-10-20,143.39,143.02,145.89,142.65,64.52M,-0.33%,-0.0032724137122624765
2022-10-21,147.27,142.87,147.85,142.65,86.55M,2.71%,0.02669944601112306
2022-10-24,149.45,147.18,150.23,146.0,75.98M,1.48%,0.014694251991875818
2022-10-25,152.34,150.09,152.49,149.36,74.73M,1.93%,0.0191529762146954
2022-10-26,149.35,150.96,151.99,148.04,88.44M,-1.96%,-0.01982232028252338
2022-10-27,144.8,148.07,149.05,144.13,109.18M,-3.05%,-0.03093906471050265
2022-10-28,155.74,148.2,157.5,147.82,164.76M,7.56%,0.07283447019722411
2022-10-31,153.34,153.15,154.24,151.92,97.94M,-1.54%,-0.015530272018091698
2022-11-01,150.65,155.08,155.45,149.13,80.38M,-1.75%,-0.017698412554438162
2022-11-02,145.03,148.95,152.17,145.0,93.60M,-3.73%,-0.03801864800415159
2022-11-03,138.88,142.06,142.8,138.75,97.92M,-4.24%,-0.04333036666011862
2022-11-04,138.38,142.09,142.67,134.38,140.81M,-0.36%,-0.003606726841375038
2022-11-07,138.92,137.11,139.15,135.67,83.37M,0.39%,0.003894703805208198
2022-11-08,139.5,140.41,141.43,137.49,89.91M,0.42%,0.004166373385547123
2022-11-09,134.87,138.5,138.55,134.59,74.92M,-3.32%,-0.03375324973265403
2022-11-10,146.87,141.24,146.87,139.5,118.85M,8.90%,0.08523649023700478
2022-11-11,149.7,145.82,150.01,144.37,93.98M,1.93%,0.01908544965981155
2022-11-14,148.28,148.97,150.28,147.43,73.37M,-0.95%,-0.009530913143051021
2022-11-15,150.04,152.21,153.59,148.56,89.87M,1.19%,0.01179954693115503
2022-11-16,148.79,149.13,149.87,147.29,64.22M,-0.83%,-0.008366009374080587
2022-11-17,150.72,146.43,151.48,146.15,80.39M,1.30%,0.012887894988446974
2022-11-18,151.29,152.3,152.7,149.97,74.83M,0.38%,0.003774713928690576
2022-11-21,148.01,150.16,150.37,147.71,58.72M,-2.17%,-0.021918685707646275
2022-11-22,150.18,148.13,150.42,146.93,51.80M,1.47%,0.014554735622640523
2022-11-23,151.07,149.45,151.83,149.34,58.30M,0.59%,0.005908730883895689
2022-11-25,148.11,148.3,148.88,147.12,35.20M,-1.96%,-0.01978806461675223
2022-11-28,144.22,145.14,146.64,143.38,69.35M,-2.63%,-0.026615329450267837
2022-11-29,141.17,144.29,144.81,140.35,83.76M,-2.11%,-0.021375073592505248
2022-11-30,148.03,141.4,148.72,140.55,111.38M,4.86%,0.047450118029292686
2022-12-01,148.31,148.21,149.13,146.61,71.25M,0.19%,0.001889721828470323
2022-12-02,147.81,145.96,148.0,145.65,65.45M,-0.34%,-0.003377012529889752
2022-12-05,146.63,147.77,150.92,145.77,68.83M,-0.80%,-0.008015258234993616
2022-12-06,142.91,147.07,147.3,141.92,64.73M,-2.54%,-0.025697345495284404
2022-12-07,140.94,142.19,143.37,140.0,69.72M,-1.38%,-0.013880793594827006
2022-12-08,142.65,142.36,143.52,141.1,62.13M,1.21%,0.012059809760632532
2022-12-09,142.16,142.34,145.57,140.9,76.10M,-0.34%,-0.0034408938131132074
2022-12-12,144.49,142.7,144.5,141.06,70.46M,1.64%,0.01625711715912401
2022-12-13,145.47,149.5,149.97,144.24,93.89M,0.68%,0.0067595787798507
2022-12-14,143.21,145.35,146.65,141.16,82.29M,-1.55%,-0.015657795294759396
2022-12-15,136.5,141.11,141.8,136.02,98.93M,-4.69%,-0.04798746986559683
2022-12-16,134.51,136.68,137.65,133.73,160.16M,-1.46%,-0.014686068904524351
2022-12-19,132.37,135.11,135.2,131.32,79.59M,-1.59%,-0.016037513994810654
2022-12-20,132.3,131.39,133.25,129.89,77.43M,-0.05%,-0.0005289606047693854
2022-12-21,135.45,132.98,136.81,132.75,85.93M,2.38%,0.023530497410194036
2022-12-22,132.23,134.35,134.56,130.3,77.85M,-2.38%,-0.02405973796237262
2022-12-23,131.86,130.92,132.41,129.64,63.81M,-0.28%,-0.0028020768835776825
2022-12-27,130.03,131.38,131.41,128.72,69.01M,-1.39%,-0.013975560621925202
2022-12-28,126.04,129.67,131.03,125.87,85.44M,-3.07%,-0.031165876174154578
2022-12-29,129.61,127.99,130.48,127.73,75.70M,2.83%,0.027930624546209874
2022-12-30,129.93,128.41,129.95,127.43,77.03M,0.25%,0.002465902459361233
2023-01-03,125.07,130.28,130.9,124.17,112.12M,-3.74%,-0.03812226333382989
2023-01-04,126.36,126.89,128.66,125.08,89.11M,1.03%,0.010261395373069204
2023-01-05,125.02,127.13,127.77,124.76,80.96M,-1.06%,-0.010661251430218167
2023-01-06,129.62,126.01,130.29,124.89,87.75M,3.68%,0.036133368495903706
2023-01-09,130.15,130.46,133.41,129.89,70.79M,0.41%,0.004080538441004486
2023-01-10,130.73,130.26,131.26,128.12,63.90M,0.45%,0.004446496133194283
2023-01-11,133.49,131.25,133.51,130.46,69.46M,2.11%,0.020892441093872414
2023-01-12,133.41,133.88,134.26,131.44,71.38M,-0.06%,-0.0005994754769263538
2023-01-13,134.76,132.03,134.92,131.66,57.81M,1.01%,0.010068325347637248
2023-01-17,135.94,134.83,137.29,134.13,63.65M,0.88%,0.008718193380140099
2023-01-18,135.21,136.82,138.61,135.03,69.67M,-0.54%,-0.00538448654782547
2023-01-19,135.27,134.08,136.25,133.77,58.28M,0.04%,0.0004436557304360303
2023-01-20,137.87,135.28,138.02,134.22,80.22M,1.92%,0.01903843108243507
2023-01-23,141.11,138.12,143.32,137.9,81.76M,2.35%,0.023228515886131697
2023-01-24,142.53,140.3,143.16,140.3,66.44M,1.01%,0.010012775797270213
2023-01-25,141.86,140.89,142.43,138.81,65.80M,-0.47%,-0.004711848092998863
2023-01-26,143.96,143.17,144.25,141.9,54.11M,1.48%,0.01469482743688913
2023-01-27,145.93,143.15,147.23,143.08,70.56M,1.37%,0.013591571468824453
2023-01-30,143.0,144.96,145.55,142.85,64.02M,-2.01%,-0.020282424419747112
2023-01-31,144.29,142.7,144.34,142.28,65.87M,0.90%,0.008980533049257052
2023-02-01,145.43,143.97,146.61,141.32,77.66M,0.79%,0.007869707880454494
2023-02-02,150.82,148.9,151.18,148.17,118.34M,3.71%,0.036392201584881996
2023-02-03,154.5,148.03,157.38,147.83,154.36M,2.44%,0.0241070235632993
2023-02-06,151.73,152.57,153.1,150.78,69.86M,-1.79%,-0.018091470800650468
2023-02-07,154.65,150.64,155.23,150.64,83.32M,1.92%,0.01906187359392895
2023-02-08,151.92,153.88,154.58,151.17,64.12M,-1.77%,-0.01781043262704829
2023-02-09,150.87,153.77,154.33,150.42,56.01M,-0.69%,-0.006935527652047255
2023-02-10,151.01,149.46,151.34,149.22,57.45M,0.09%,0.0009275209357145332
2023-02-13,153.85,150.95,154.26,150.92,62.20M,1.88%,0.01863204198035316
2023-02-14,153.2,152.12,153.77,150.86,61.71M,-0.42%,-0.00423384446155997
2023-02-15,155.33,153.11,155.5,152.88,65.67M,1.39%,0.01380762869332509
2023-02-16,153.71,153.51,156.33,153.35,68.17M,-1.04%,-0.010484175762975069
2023-02-17,152.55,152.35,153.0,150.85,59.14M,-0.75%,-0.0075752990741620625
2023-02-21,148.48,150.2,151.3,148.4,58.87M,-2.67%,-0.02704214212478832
2023-02-22,148.91,148.87,149.95,147.16,51.01M,0.29%,0.00289182756422327
2023-02-23,149.4,150.09,150.34,147.24,48.39M,0.33%,0.003285176096603322
2023-02-24,146.71,147.11,147.19,145.72,55.47M,-1.80%,-0.01816942354716423
2023-02-27,147.92,147.71,149.17,147.45,45.00M,0.82%,0.008213737927316687
2023-02-28,147.41,147.05,149.08,146.83,50.55M,-0.34%,-0.0034537670196825134
2023-03-01,145.31,146.83,147.23,145.01,55.48M,-1.42%,-0.014348428726582282
2023-03-02,145.91,144.38,146.71,143.9,52.28M,0.41%,0.004120601943326564
2023-03-03,151.03,148.04,151.11,147.33,70.73M,3.51%,0.03448849930231914
2023-03-06,153.83,153.79,156.3,153.46,87.56M,1.85%,0.018369603989409514
2023-03-07,151.6,153.7,154.03,151.13,56.18M,-1.45%,-0.0146026233593885
2023-03-08,152.87,152.81,153.47,151.83,47.20M,0.84%,0.008342413804671631
2023-03-09,150.59,153.56,154.54,150.23,53.83M,-1.49%,-0.015026974914214734
2023-03-10,148.5,150.21,150.94,147.61,68.57M,-1.39%,-0.013975953855973828
2023-03-13,150.47,147.8,153.14,147.7,84.46M,1.33%,0.013178770528032447
2023-03-14,152.59,151.28,153.4,150.1,73.70M,1.41%,0.013990857132857637
2023-03-15,152.99,151.19,153.24,149.92,77.17M,0.26%,0.0026179738756434445
2023-03-16,155.85,152.16,156.46,151.64,76.25M,1.87%,0.018521446434058394
2023-03-17,155.0,156.08,156.74,154.28,98.94M,-0.55%,-0.005468889294099413
2023-03-20,157.4,155.07,157.82,154.15,73.64M,1.55%,0.015365219064056359
2023-03-21,159.28,157.32,159.4,156.54,73.94M,1.19%,0.011873323772638007
2023-03-22,157.83,159.3,162.14,157.81,75.70M,-0.91%,-0.009145155345115272
2023-03-23,158.93,158.83,161.55,157.68,67.62M,0.70%,0.006945349297902691
2023-03-24,160.25,158.86,160.34,157.85,59.26M,0.83%,0.008271242092051186
2023-03-27,158.28,159.94,160.77,157.87,52.39M,-1.23%,-0.012369479283555878
2023-03-28,157.65,157.97,158.49,155.98,45.99M,-0.40%,-0.003988230526153708
2023-03-29,160.77,159.37,161.05,159.35,51.31M,1.98%,0.019597386183798766
2023-03-30,162.36,161.53,162.47,161.27,49.50M,0.99%,0.00984131979582841
2023-03-31,164.9,162.44,165.0,161.91,68.75M,1.56%,0.015523137594856146
2023-04-03,166.17,164.27,166.29,164.22,56.98M,0.77%,0.007672131147568978
2023-04-04,165.63,166.6,166.84,165.11,46.28M,-0.32%,-0.0032549757490592185
2023-04-05,163.76,164.74,165.05,161.8,51.51M,-1.13%,-0.011354443611028924
2023-04-06,164.66,162.43,164.96,162.0,45.39M,0.55%,0.005480800517246007
2023-04-10,162.03,161.42,162.03,160.08,47.72M,-1.60%,-0.016101238597370535
2023-04-11,160.8,162.35,162.36,160.51,47.64M,-0.76%,-0.007620146528043399
2023-04-12,160.1,161.22,162.06,159.78,50.13M,-0.44%,-0.004362736742197071
2023-04-13,165.56,161.63,165.8,161.42,68.45M,3.41%,0.03353504687786262
2023-04-14,165.21,164.59,166.32,163.82,49.39M,-0.21%,-0.0021162749380318254
2023-04-17,165.23,165.09,165.39,164.03,41.52M,0.01%,0.00012105072039954903
2023-04-18,166.47,166.1,167.41,165.65,49.92M,0.75%,0.007476670343020137
2023-04-19,167.63,165.8,168.16,165.54,47.72M,0.70%,0.006944056637266807
2023-04-20,166.65,166.09,167.87,165.56,52.46M,-0.58%,-0.00586336488943772
2023-04-21,165.02,165.05,166.45,164.49,58.34M,-0.98%,-0.009829126077551523
2023-04-24,165.33,165.0,165.6,163.89,41.95M,0.19%,0.00187679788705659
2023-04-25,163.77,165.19,166.3,163.73,48.71M,-0.94%,-0.009480472101477786
2023-04-26,163.76,163.05,165.28,162.8,45.50M,-0.01%,-6.10631087419618e-05
2023-04-27,168.41,165.19,168.56,165.19,64.90M,2.84%,0.02799954111492878
2023-04-28,169.68,168.49,169.85,167.88,55.28M,0.75%,0.007512827788464046
2023-05-01,169.59,169.28,170.45,168.64,52.47M,-0.05%,-0.0005305509011179143
2023-05-02,168.54,170.09,170.35,167.54,48.43M,-0.62%,-0.006210649011101915
2023-05-03,167.45,169.5,170.92,167.16,65.14M,-0.65%,-0.006488311103993742
2023-05-04,165.79,164.89,167.04,164.31,81.24M,-0.99%,-0.009962871988839767
2023-05-05,173.57,170.98,174.3,170.76,113.45M,4.69%,0.04585904898141634
2023-05-08,173.5,172.48,173.85,172.11,55.96M,-0.04%,-0.00040337684587633056
2023-05-09,171.77,173.05,173.54,171.6,45.33M,-1.00%,-0.010021226737979814
2023-05-10,173.55,173.02,174.03,171.9,53.72M,1.04%,0.010309369658861287
2023-05-11,173.75,173.85,174.59,172.17,49.51M,0.11%,0.001151742137106107
2023-05-12,172.57,173.62,174.06,171.0,45.53M,-0.68%,-0.006814533185414003
2023-05-15,172.07,173.16,173.21,171.47,37.27M,-0.29%,-0.0029015804944212843
2023-05-16,172.07,171.99,173.14,171.8,42.11M,0.00%,0.0
2023-05-17,172.69,171.71,172.93,170.42,57.95M,0.36%,0.00359670883151242
2023-05-18,175.05,173.0,175.24,172.58,65.50M,1.37%,0.013573567804096048
2023-05-19,175.16,176.39,176.39,174.94,55.81M,0.06%,0.0006281945325228099
2023-05-22,174.2,173.98,174.71,173.45,43.57M,-0.55%,-0.005495777514795229
2023-05-23,171.56,173.13,173.38,171.27,50.75M,-1.52%,-0.015271004769722592
2023-05-24,171.84,171.09,172.42,170.52,45.14M,0.16%,0.001630751671820239
2023-05-25,172.99,172.41,173.9,171.69,56.06M,0.67%,0.006669978038386105
2023-05-26,175.43,173.32,175.77,173.11,54.83M,1.41%,0.014006313582207318
2023-05-30,177.3,176.96,178.99,176.57,55.96M,1.07%,0.010603110139068832
2023-05-31,177.25,177.32,179.35,176.76,99.63M,-0.03%,-0.0002820476679253569
2023-06-01,180.09,177.7,180.12,176.93,68.90M,1.60%,0.015895560519624617
2023-06-02,180.95,181.03,181.78,179.26,62.00M,0.48%,0.004764024077889918
2023-06-05,179.58,182.63,184.95,178.04,121.95M,-0.76%,-0.007599958917088782
2023-06-06,179.21,179.96,180.12,177.43,64.85M,-0.21%,-0.0020624885373653236
2023-06-07,177.82,178.44,181.21,177.32,61.94M,-0.78%,-0.0077864998623044576
2023-06-08,180.57,177.9,180.84,177.46,50.21M,1.55%,0.015346711534796179
2023-06-09,180.96,181.5,182.23,180.63,48.90M,0.22%,0.0021574981400213143
2023-06-12,183.79,181.27,183.89,180.97,54.75M,1.56%,0.01551778910957232
2023-06-13,183.31,182.8,184.15,182.44,54.93M,-0.26%,-0.002615092746109284
2023-06-14,183.95,183.37,184.39,182.02,57.46M,0.35%,0.003485272819509956
2023-06-15,186.01,183.96,186.52,183.78,65.43M,1.12%,0.011136454158076165
2023-06-16,184.92,186.73,186.99,184.27,101.26M,-0.59%,-0.005877136588834789
2023-06-20,185.01,184.41,186.1,184.41,49.80M,0.05%,0.00048657855148655894
2023-06-21,183.96,184.9,185.41,182.59,49.52M,-0.57%,-0.005691534999787985
2023-06-22,187.0,183.74,187.04,183.67,51.25M,1.65%,0.016390274182863554
2023-06-23,186.68,185.55,187.56,185.01,53.12M,-0.17%,-0.0017126957729717623
2023-06-26,185.27,186.83,188.05,185.23,48.09M,-0.76%,-0.00758170051969353
2023-06-27,188.06,185.89,188.39,185.67,50.73M,1.51%,0.014946840287009402
2023-06-28,189.25,187.93,189.9,187.6,51.22M,0.63%,0.006307831468627219
2023-06-29,189.59,189.08,190.07,188.94,46.35M,0.18%,0.001794953496388748
2023-06-30,193.97,191.63,194.48,191.26,85.21M,2.31%,0.022839662116253382
2023-07-03,192.46,193.78,193.88,191.76,31.46M,-0.78%,-0.007815168001945576
2023-07-05,191.33,191.57,192.98,190.62,46.92M,-0.59%,-0.005888654031343417
2023-07-06,191.81,189.84,192.02,189.2,45.16M,0.25%,0.0025056128366851334
2023-07-07,190.68,191.41,192.67,190.24,46.82M,-0.59%,-0.005908668396971762
2023-07-10,188.61,189.26,189.99,187.04,59.92M,-1.09%,-0.010915239273545508
2023-07-11,188.08,189.16,189.3,186.6,46.64M,-0.28%,-0.002813986831265311
2023-07-12,189.77,189.68,191.7,188.47,60.75M,0.90%,0.008945408334073328
2023-07-13,190.54,190.5,191.19,189.78,41.34M,0.41%,0.004049333712745697
2023-07-14,190.69,190.23,191.18,189.63,41.62M,0.08%,0.0007869265679022027
2023-07-17,193.99,191.9,194.32,191.81,50.52M,1.73%,0.017157538496479198
2023-07-18,193.73,193.35,194.33,192.41,48.35M,-0.13%,-0.0013411742441602579
2023-07-19,195.1,193.1,198.23,192.65,80.51M,0.71%,0.007046810530211034
2023-07-20,193.13,195.09,196.47,192.49,59.58M,-1.01%,-0.010148710344557488
2023-07-21,191.94,194.1,194.97,191.23,71.95M,-0.62%,-0.006180714095026356
2023-07-24,192.75,193.41,194.91,192.25,45.51M,0.42%,0.004211189253957202
2023-07-25,193.62,193.33,194.44,192.91,37.28M,0.45%,0.004503462848486702
2023-07-26,194.5,193.67,195.64,193.32,47.47M,0.45%,0.0045346877665754255
2023-07-27,193.22,196.02,197.2,192.55,47.46M,-0.66%,-0.006602726969137493
2023-07-28,195.83,194.67,196.63,194.14,48.29M,1.35%,0.013417499839381564
2023-07-31,196.45,196.06,196.49,195.26,38.82M,0.32%,0.0031610100757235426
2023-08-01,195.6,196.24,196.73,195.28,35.28M,-0.43%,-0.00433618840375174
2023-08-02,192.58,195.04,195.18,191.85,50.39M,-1.55%,-0.01556010578857902
2023-08-03,191.17,191.57,192.37,190.69,62.24M,-0.73%,-0.007348567271211076
2023-08-04,181.99,185.52,187.38,181.92,115.96M,-4.80%,-0.04921134402861131
2023-08-07,178.85,182.13,183.13,177.35,97.58M,-1.73%,-0.01740427480728878
2023-08-08,179.8,179.69,180.27,177.58,67.82M,0.53%,0.005297656332493191
2023-08-09,178.19,180.87,180.93,177.01,60.38M,-0.90%,-0.008994725298196648
2023-08-10,177.97,179.48,180.75,177.6,54.69M,-0.12%,-0.001235399977429129
2023-08-11,177.79,177.32,178.62,176.55,52.04M,-0.10%,-0.0010119182334140055
2023-08-14,179.46,177.97,179.69,177.3,43.68M,0.94%,0.009349263341431456
2023-08-15,177.45,178.88,179.48,177.05,43.62M,-1.12%,-0.01126346277740628
2023-08-16,176.57,177.13,178.54,176.5,46.96M,-0.50%,-0.0049714807777985716
2023-08-17,174.0,177.14,177.51,173.48,66.06M,-1.46%,-0.014662099100177803
2023-08-18,174.49,172.3,175.1,171.96,61.17M,0.28%,0.002812134195609571
2023-08-21,175.84,175.07,176.13,173.74,46.31M,0.77%,0.007707057245172687
2023-08-22,177.23,177.06,177.68,176.25,42.08M,0.79%,0.00787383341173706
2023-08-23,181.12,178.52,181.55,178.32,52.72M,2.19%,0.02171147094776997
2023-08-24,176.38,180.67,181.1,176.01,54.95M,-2.62%,-0.02651903655478346
2023-08-25,178.61,177.38,179.15,175.82,51.45M,1.26%,0.012563899456357483
2023-08-28,180.19,180.09,180.59,178.54,43.82M,0.88%,0.008807191822330614
2023-08-29,184.12,179.7,184.9,179.5,53.00M,2.18%,0.021575869210317872
2023-08-30,187.65,184.94,187.85,184.74,60.81M,1.92%,0.018990806631989123
2023-08-31,187.87,187.84,189.12,187.48,60.79M,0.12%,0.0011717086981777867
2023-09-01,189.46,189.49,189.92,188.28,45.77M,0.85%,0.008427686168180834
2023-09-05,189.7,188.28,189.98,187.61,45.28M,0.13%,0.0012659564935798922
2023-09-06,182.91,188.4,188.85,181.47,81.76M,-3.58%,-0.03644964835313406
2023-09-07,177.56,175.18,178.21,173.54,112.49M,-2.92%,-0.029685648621999895
2023-09-08,178.18,178.35,180.24,177.79,65.60M,0.35%,0.0034856953266633552
2023-09-11,179.36,180.07,180.3,177.34,58.95M,0.66%,0.006600684031352093
2023-09-12,176.3,179.49,180.13,174.82,90.37M,-1.71%,-0.017207869920025237
2023-09-13,174.21,176.51,177.3,173.98,84.27M,-1.19%,-0.011925621351756389
2023-09-14,175.74,174.0,176.1,173.58,60.90M,0.88%,0.008744162015628939
2023-09-15,175.01,176.48,176.49,173.82,109.26M,-0.42%,-0.004162514919631139
2023-09-18,177.97,176.48,179.38,176.17,67.26M,1.69%,0.01677188161382818
2023-09-19,179.07,177.52,179.63,177.13,51.83M,0.62%,0.006161794086773882
2023-09-20,175.49,179.26,179.7,175.4,58.44M,-2.00%,-0.02019472962315274
2023-09-21,173.93,174.55,176.3,173.86,63.15M,-0.89%,-0.00892914180545344
2023-09-22,174.79,174.67,177.08,174.05,56.73M,0.49%,0.0049323339269332096
2023-09-25,176.08,174.2,176.97,174.15,46.17M,0.74%,0.007353183871211162
2023-09-26,171.96,174.82,175.2,171.66,64.59M,-2.34%,-0.023676545590125463
2023-09-27,170.43,172.62,173.04,169.05,66.92M,-0.89%,-0.008937236390935535
2023-09-28,170.69,169.34,172.03,167.62,56.29M,0.15%,0.0015243905390963399
2023-09-29,171.21,172.02,173.07,170.34,51.86M,0.30%,0.0030418274404849423
2023-10-02,173.75,171.22,174.3,170.93,52.16M,1.48%,0.01472661122817496
2023-10-03,172.4,172.26,173.63,170.82,49.59M,-0.78%,-0.007800126215308751
2023-10-04,173.66,171.09,174.21,170.97,53.02M,0.73%,0.007282006402906303
2023-10-05,174.91,173.79,175.45,172.68,48.53M,0.72%,0.007172191286472731
2023-10-06,177.49,173.8,177.99,173.18,57.27M,1.48%,0.014642713381283392
2023-10-09,178.99,176.81,179.05,175.8,42.39M,0.85%,0.008415669058153363
2023-10-10,178.39,178.1,179.72,177.95,43.70M,-0.34%,-0.0033577735952325274
2023-10-11,179.8,178.2,179.85,177.6,47.55M,0.79%,0.007872957274343912
2023-10-12,180.71,180.07,182.34,179.04,56.74M,0.51%,0.005048414372552726
2023-10-13,178.85,181.42,181.93,178.14,51.46M,-1.03%,-0.010346070705045956
2023-10-16,178.72,176.75,179.07,176.51,52.52M,-0.07%,-0.0007271303841361216
2023-10-17,177.15,176.65,178.42,174.8,57.55M,-0.88%,-0.008823504009409537
2023-10-18,175.84,175.58,177.57,175.11,54.76M,-0.74%,-0.007422340656169735
2023-10-19,175.46,176.04,177.84,175.19,59.30M,-0.22%,-0.002163393955073432
2023-10-20,172.88,175.31,175.42,172.64,64.24M,-1.47%,-0.014813384501607393
2023-10-23,173.0,170.91,174.01,169.93,55.98M,0.07%,0.0006938822991483712
2023-10-24,173.44,173.05,173.67,171.45,43.82M,0.25%,0.002540123753502385
2023-10-25,171.1,171.88,173.06,170.65,57.16M,-1.35%,-0.013583537353133628
2023-10-26,166.89,170.37,171.38,165.67,70.63M,-2.46%,-0.024913268142836346
2023-10-27,168.22,166.91,168.96,166.83,58.50M,0.80%,0.007937733778979876
2023-10-30,170.29,169.02,171.17,168.87,51.13M,1.23%,0.012230219504221885
2023-10-31,170.77,169.35,170.9,167.9,44.85M,0.28%,0.002814755860634412
2023-11-01,173.97,171.0,174.23,170.12,56.93M,1.87%,0.018565248657311163
2023-11-02,177.57,175.52,177.78,175.46,77.33M,2.07%,0.020482026814284352
2023-11-03,176.65,174.24,176.82,173.35,79.83M,-0.52%,-0.005194523565589096
2023-11-06,179.23,176.38,179.43,176.21,63.84M,1.46%,0.014499523438351727
2023-11-07,181.82,179.18,182.44,178.97,70.53M,1.45%,0.014347289450206285
2023-11-08,182.89,182.35,183.45,181.59,49.34M,0.59%,0.005867692522772056
2023-11-09,182.41,182.96,184.12,181.81,53.76M,-0.26%,-0.0026279785176610655
2023-11-10,186.4,183.97,186.57,183.53,66.18M,2.19%,0.021638001552667766
2023-11-13,184.8,185.82,186.03,184.21,43.63M,-0.86%,-0.008620743043906975
2023-11-14,187.44,187.7,188.11,186.3,60.11M,1.43%,0.014184634991956381
2023-11-15,188.01,187.85,189.5,187.78,53.79M,0.30%,0.0030363587051535548
2023-11-16,189.71,189.57,190.96,188.65,54.41M,0.90%,0.009001437459760396
2023-11-17,189.69,190.25,190.38,188.57,50.94M,-0.01%,-0.00010542962582250905
2023-11-20,191.45,189.89,191.9,189.88,46.54M,0.93%,0.00923551718467184
2023-11-21,190.64,191.41,191.52,189.74,38.13M,-0.42%,-0.0042398451328168225
2023-11-22,191.31,191.49,192.93,190.82,39.63M,0.35%,0.0035083162048033414
2023-11-24,189.97,190.87,190.9,189.25,24.05M,-0.70%,-0.007028984038332228
2023-11-27,189.79,189.92,190.67,188.9,40.55M,-0.09%,-0.0009479672081294751
2023-11-28,190.4,189.78,191.08,189.4,38.42M,0.32%,0.0032089246084366536
2023-11-29,189.37,190.9,192.09,188.97,43.01M,-0.54%,-0.005424349082451199
2023-11-30,189.95,189.84,190.32,188.19,48.79M,0.31%,0.0030581063588208724
2023-12-01,191.24,190.33,191.56,189.23,45.70M,0.68%,0.006768304124268134
2023-12-04,189.43,189.98,190.05,187.45,43.39M,-0.95%,-0.009509620617715183
2023-12-05,193.42,190.21,194.4,190.18,66.63M,2.11%,0.020844427148629725
2023-12-06,192.32,194.45,194.76,192.11,41.09M,-0.57%,-0.005703338941974386
2023-12-07,194.27,193.63,195.0,193.59,47.48M,1.01%,0.01008829270384663
2023-12-08,195.71,194.2,195.99,193.67,53.41M,0.74%,0.007385027666188418
2023-12-11,193.18,193.11,193.49,191.42,60.94M,-1.29%,-0.01301157496572789
2023-12-12,194.71,193.08,194.72,191.72,52.70M,0.79%,0.007888875376379983
2023-12-13,197.96,195.09,198.0,194.85,70.40M,1.67%,0.016553717956155536
2023-12-14,198.11,198.02,199.62,196.16,66.83M,0.08%,0.0007574419025498934
2023-12-15,197.57,197.53,198.4,197.0,128.54M,-0.27%,-0.0027294800609216695
2023-12-18,195.89,196.09,196.63,194.39,55.75M,-0.85%,-0.00853967473000472
2023-12-19,196.94,196.16,196.95,195.89,40.71M,0.54%,0.005345836624347039
2023-12-20,194.83,196.9,197.68,194.83,52.24M,-1.07%,-0.010771730361860072
2023-12-21,194.68,196.1,197.08,193.5,46.48M,-0.08%,-0.0007701984925423142
2023-12-22,193.6,195.18,195.41,192.97,37.15M,-0.55%,-0.005563010122776955
2023-12-26,193.05,193.61,193.89,192.83,28.92M,-0.28%,-0.0028449521322311392
2023-12-27,193.15,192.49,193.5,191.09,48.09M,0.05%,0.000517866402044983
2023-12-28,193.58,194.14,194.66,193.17,34.05M,0.22%,0.002223774608652289
2023-12-29,192.53,193.9,194.4,191.73,42.67M,-0.54%,-0.005438877979698404
2024-01-02,185.64,187.15,188.44,183.88,82.49M,-3.58%,-0.036442671368269126
2024-01-03,184.25,184.22,185.88,183.43,58.41M,-0.75%,-0.0075157833035290516
2024-01-04,181.91,182.15,183.09,180.88,71.98M,-1.27%,-0.012781471795321235
2024-01-05,181.18,181.99,182.76,180.17,62.38M,-0.40%,-0.004021047032982936
2024-01-08,185.56,182.09,185.6,181.5,59.14M,2.42%,0.023887267642401212
2024-01-09,185.14,183.92,185.15,182.73,42.84M,-0.23%,-0.0022659842444777943
2024-01-10,186.19,184.35,186.4,183.92,46.79M,0.57%,0.005655362068895832
2024-01-11,185.59,186.54,187.05,183.62,49.13M,-0.32%,-0.0032277181177477222
2024-01-12,185.92,186.06,186.74,185.19,40.48M,0.18%,0.001776534073333066
2024-01-16,183.63,182.16,184.26,180.93,65.60M,-1.23%,-0.012393610132458198
2024-01-17,182.68,181.27,182.93,180.3,47.32M,-0.52%,-0.005186875214289937
2024-01-18,188.63,186.09,189.14,185.83,78.01M,3.26%,0.03205143604083493
2024-01-19,191.56,189.33,191.95,188.82,68.90M,1.55%,0.015413651116775463
2024-01-22,193.89,192.3,195.33,192.26,60.13M,1.22%,0.012089912468505099
2024-01-23,195.18,195.02,195.75,193.83,42.36M,0.67%,0.006631221770401398
2024-01-24,194.5,195.42,196.38,194.34,53.63M,-0.35%,-0.0034900466548141206
2024-01-25,194.17,195.22,196.27,193.11,54.82M,-0.17%,-0.0016980990521387232
2024-01-26,192.42,194.27,194.76,191.94,44.59M,-0.90%,-0.009053581073243873
2024-01-29,191.73,192.01,192.2,189.58,47.15M,-0.36%,-0.0035923506028184725
2024-01-30,188.04,190.94,191.8,187.47,55.86M,-1.92%,-0.019433426174370286
2024-01-31,184.4,187.04,187.1,184.35,55.47M,-1.94%,-0.01954739503343621
2024-02-01,186.86,183.99,186.95,183.82,64.89M,1.33%,0.013252362242316237
2024-02-02,185.85,179.86,187.33,179.25,102.55M,-0.54%,-0.005419776621548585
2024-02-05,187.68,188.15,189.25,185.84,69.67M,0.98%,0.009798488161904201
2024-02-06,189.3,186.86,189.31,186.77,43.49M,0.86%,0.008594673310111774
2024-02-07,189.41,190.64,191.05,188.61,53.44M,0.06%,0.0005809194533730344
2024-02-08,188.32,189.38,189.54,187.35,40.96M,-0.58%,-0.005771334156683685
2024-02-09,188.85,188.65,189.99,188.0,45.16M,0.28%,0.0028104056464991977
2024-02-12,187.15,188.41,188.67,186.79,41.78M,-0.90%,-0.009042614808027809
2024-02-13,185.04,185.77,186.21,183.51,56.53M,-1.13%,-0.011338416427254269
2024-02-14,184.15,185.32,185.53,182.44,54.63M,-0.48%,-0.004821375032109306
2024-02-15,183.86,183.55,184.49,181.35,65.43M,-0.16%,-0.0015760444554656545
2024-02-16,182.31,183.42,184.85,181.66,49.75M,-0.84%,-0.008466063620235055
2024-02-20,181.56,181.79,182.43,180.0,53.67M,-0.41%,-0.0041223572271086705
2024-02-21,182.32,181.94,182.89,180.66,41.53M,0.42%,0.004177207349163798
2024-02-22,184.37,183.48,184.96,182.46,52.29M,1.12%,0.011181223144870737
2024-02-23,182.52,185.01,185.04,182.23,45.12M,-1.00%,-0.010084852023097546
2024-02-26,181.16,182.24,182.76,180.65,40.87M,-0.75%,-0.007479137371188802
2024-02-27,182.63,181.1,183.92,179.56,54.32M,0.81%,0.008081629515937215
2024-02-28,181.42,182.51,183.12,180.13,48.95M,-0.66%,-0.006647463017152321
2024-02-29,180.75,181.27,182.57,179.53,136.68M,-0.37%,-0.003699924147923935
2024-03-01,179.66,179.55,180.53,177.38,73.56M,-0.60%,-0.006048685237813562
2024-03-04,175.1,176.15,176.9,173.79,81.51M,-2.54%,-0.025708936509254418
2024-03-05,170.12,170.76,172.04,169.62,95.13M,-2.84%,-0.028853168906373343
2024-03-06,169.12,171.06,171.24,168.68,68.59M,-0.59%,-0.005895548263505318
2024-03-07,169.0,169.15,170.73,168.49,71.77M,-0.07%,-0.0007098071988540113
2024-03-08,170.73,169.0,173.7,168.94,76.27M,1.02%,0.01018464636006875
2024-03-11,172.75,172.94,174.38,172.05,60.14M,1.18%,0.011762101364637088
2024-03-12,173.23,173.15,174.03,171.01,59.83M,0.28%,0.002774728643070094
2024-03-13,171.13,172.77,173.18,170.76,52.49M,-1.21%,-0.012196689701489101
2024-03-14,173.0,172.91,174.31,172.05,72.91M,1.09%,0.010868092908418524
2024-03-15,172.62,171.17,172.62,170.29,121.75M,-0.22%,-0.0021989477062673733
2024-03-18,173.72,175.57,177.71,173.52,75.60M,0.64%,0.00635216087510961
2024-03-19,176.08,174.34,176.6,173.03,55.22M,1.36%,0.013493629551585165
2024-03-20,178.67,175.72,178.67,175.09,53.42M,1.47%,0.014602091726869399
2024-03-21,171.37,177.05,177.49,170.84,106.18M,-4.09%,-0.04171556727231797
2024-03-22,172.28,171.76,173.05,170.06,71.16M,0.53%,0.0052960985131520685
2024-03-25,170.85,170.57,171.94,169.45,54.29M,-0.83%,-0.008335081624609079
2024-03-26,169.71,170.0,171.42,169.58,57.39M,-0.67%,-0.00669488053812676
2024-03-27,173.31,170.41,173.6,170.11,60.27M,2.12%,0.020990800438109806
2024-03-28,171.48,171.75,172.23,170.51,65.67M,-1.06%,-0.010615256731507589
2024-04-01,170.03,171.19,171.25,169.48,46.24M,-0.85%,-0.008491749660381801
2024-04-02,168.84,169.08,169.34,168.23,49.33M,-0.70%,-0.007023371155096464
2024-04-03,169.65,168.79,170.68,168.58,47.69M,0.48%,0.004785970315941081
2024-04-04,168.82,170.29,171.92,168.82,53.70M,-0.49%,-0.0049044326746653
2024-04-05,169.58,169.59,170.39,168.95,42.10M,0.45%,0.004491733320283071
2024-04-08,168.45,169.03,169.2,168.24,37.43M,-0.67%,-0.006685822023295179
2024-04-09,169.67,168.7,170.08,168.35,42.45M,0.72%,0.007216404202286154
2024-04-10,167.78,168.8,169.09,167.11,49.71M,-1.11%,-0.01120177663669957
2024-04-11,175.04,168.34,175.46,168.16,91.07M,4.33%,0.04236092181546785
2024-04-12,176.55,174.26,178.36,174.21,101.67M,0.86%,0.008589603140779035
2024-04-15,172.69,175.36,176.63,172.5,73.53M,-2.19%,-0.022106042777816807
2024-04-16,169.38,171.75,173.76,168.27,73.71M,-1.92%,-0.01935336810312574
2024-04-17,168.0,169.61,170.65,168.0,50.90M,-0.81%,-0.008180732090194025
2024-04-18,167.04,168.03,168.64,166.55,43.12M,-0.57%,-0.005730674708985095
2024-04-19,165.0,166.21,166.4,164.07,68.15M,-1.22%,-0.012287830793693253
2024-04-22,165.84,165.51,167.26,164.77,48.12M,0.51%,0.005077994226943483
2024-04-23,166.9,165.35,167.05,164.92,49.54M,0.64%,0.006371362540265181
2024-04-24,169.02,166.54,169.3,166.21,48.25M,1.27%,0.012622220448546821
2024-04-25,169.89,169.52,170.61,168.15,50.56M,0.51%,0.005134117677486852
2024-04-26,169.3,169.88,171.34,169.18,44.84M,-0.35%,-0.003478879654733546
2024-04-29,173.5,173.37,176.03,173.1,68.17M,2.48%,0.02450531024782426
2024-04-30,170.33,173.33,174.99,170.0,65.93M,-1.83%,-0.018439867514427888
2024-05-01,169.3,169.58,172.71,169.11,50.38M,-0.60%,-0.006065442733396251
2024-05-02,173.03,172.51,173.41,170.89,94.21M,2.20%,0.021792700729467398
2024-05-03,183.38,186.65,187.0,182.66,163.22M,5.98%,0.058095512753197624
2024-05-06,181.71,182.35,184.2,180.42,78.57M,-0.91%,-0.009148492960789133
2024-05-07,182.4,183.45,184.9,181.32,77.31M,0.38%,0.00379006797926549
2024-05-08,182.74,182.85,183.07,181.45,45.06M,0.19%,0.00186229993024347
2024-05-09,184.57,182.56,184.66,182.11,48.98M,1.00%,0.009964417748725246
2024-05-10,183.05,184.9,185.09,182.13,50.76M,-0.82%,-0.008269455752954628
2024-05-13,186.28,185.43,187.1,184.62,72.04M,1.76%,0.017491578547931153
2024-05-14,187.43,187.51,188.3,186.29,52.39M,0.62%,0.0061545242567172895
2024-05-15,189.72,187.91,190.65,187.37,70.40M,1.22%,0.012143858638487333
2024-05-16,189.84,190.47,191.1,189.66,52.85M,0.06%,0.0006323111181272563
2024-05-17,189.87,189.51,190.81,189.18,41.28M,0.02%,0.00015801532781546361
2024-05-20,191.04,189.32,191.92,189.01,44.36M,0.62%,0.006143202748913628
2024-05-21,192.35,191.09,192.73,190.92,42.31M,0.69%,0.006833798994066926
2024-05-22,190.9,192.26,192.82,190.27,34.65M,-0.75%,-0.007566898466602133
2024-05-23,186.88,190.98,191.0,186.63,51.01M,-2.11%,-0.0212830310918398
2024-05-24,189.98,188.82,190.58,188.04,36.33M,1.66%,0.016452103822174123
2024-05-28,189.99,191.51,193.0,189.1,52.28M,0.01%,5.2635734412367455e-05
2024-05-29,190.29,189.61,192.25,189.51,53.07M,0.16%,0.0015777851174667318
2024-05-30,191.29,190.76,192.18,190.63,49.95M,0.53%,0.0052413768506466675
2024-05-31,192.25,191.44,192.57,189.91,75.16M,0.50%,0.005006007221191284
2024-06-03,194.03,192.9,194.99,192.52,50.08M,0.93%,0.00921617789742773
2024-06-04,194.35,194.63,195.32,193.03,47.47M,0.16%,0.0016478710150511398
2024-06-05,195.87,195.4,196.9,194.87,54.16M,0.78%,0.007790516568419784
2024-06-06,194.48,195.68,196.5,194.17,41.18M,-0.71%,-0.007121843858783997
2024-06-07,196.89,194.65,196.94,194.14,53.10M,1.24%,0.01231586714587319
2024-06-10,193.12,196.9,197.3,192.15,97.26M,-1.91%,-0.019333439804519667
2024-06-11,207.15,193.65,207.16,193.63,172.37M,7.26%,0.07013141117418949
2024-06-12,213.07,207.37,220.2,206.9,198.13M,2.86%,0.028177581693864077
2024-06-13,214.24,214.74,216.75,211.6,97.86M,0.55%,0.0054761317255874456
2024-06-14,212.49,213.85,215.17,211.3,70.12M,-0.82%,-0.00820195350922139
2024-06-17,216.67,213.37,218.95,212.72,93.73M,1.97%,0.019480530284974665
2024-06-18,214.29,217.59,218.63,213.0,79.94M,-1.10%,-0.01104522088362487
2024-06-20,209.68,213.93,214.24,208.85,86.17M,-2.15%,-0.021747678819839824
2024-06-21,207.49,210.39,211.89,207.11,246.42M,-1.04%,-0.01049941327679117
2024-06-24,208.14,207.72,212.7,206.59,80.73M,0.31%,0.003127784471353396
2024-06-25,209.07,209.15,211.38,208.61,56.71M,0.45%,0.004458193908823937
2024-06-26,213.25,211.5,214.86,210.64,66.21M,2.00%,0.01979606225325129
2024-06-27,214.1,214.69,215.74,212.35,49.77M,0.40%,0.003978009223848612
2024-06-28,210.62,215.77,216.07,210.3,82.54M,-1.63%,-0.016387633643185913
2024-07-01,216.75,212.09,217.51,211.92,60.40M,2.91%,0.02868905370820015
2024-07-02,220.27,216.15,220.38,215.1,58.05M,1.62%,0.01610945093541497
2024-07-03,221.55,220.0,221.55,219.03,37.37M,0.58%,0.00579423104943228
2024-07-05,226.34,221.65,226.45,221.65,60.41M,2.16%,0.021389995892297006
2024-07-08,227.82,227.09,227.85,223.25,59.09M,0.65%,0.006517549933970494
2024-07-09,228.68,227.93,229.4,226.37,48.17M,0.38%,0.0037678029240046994
2024-07-10,232.98,229.3,233.08,229.25,62.63M,1.88%,0.01862896657586023
2024-07-11,227.57,231.39,232.39,225.77,64.71M,-2.32%,-0.02349472960050368
2024-07-12,230.54,228.92,232.64,228.68,53.05M,1.31%,0.012966499801739235
2024-07-15,234.4,236.48,237.23,233.09,62.63M,1.67%,0.01660467452999099
2024-07-16,234.82,235.0,236.27,232.33,43.23M,0.18%,0.001790205499208203
2024-07-17,228.88,229.45,231.46,226.64,57.35M,-2.53%,-0.025621414460210976
2024-07-18,224.18,230.28,230.44,222.27,66.03M,-2.05%,-0.020748548148905522
2024-07-19,224.31,224.82,226.8,223.27,49.15M,0.06%,0.000579723086984512
2024-07-22,223.96,227.01,227.78,223.09,48.20M,-0.16%,-0.0015615591992412968
2024-07-23,225.01,224.37,226.94,222.68,39.96M,0.47%,0.004677381180546939
2024-07-24,218.54,224.0,224.8,217.13,61.78M,-2.88%,-0.02917578151864024
2024-07-25,217.49,218.93,220.85,214.62,51.39M,-0.48%,-0.004816191682329889
2024-07-26,217.96,218.7,219.49,216.01,41.60M,0.22%,0.0021586872546282805
2024-07-29,218.24,216.96,219.3,215.75,36.31M,0.13%,0.0012838149401997857
2024-07-30,218.8,219.19,220.32,216.12,41.64M,0.26%,0.0025626958927289704
2024-07-31,222.08,221.44,223.82,220.63,50.04M,1.50%,0.014879606770613507
2024-08-01,218.36,224.37,224.48,217.02,62.50M,-1.68%,-0.01689260040488277
2024-08-02,219.86,219.15,225.6,217.71,105.57M,0.69%,0.006845903237160914
2024-08-05,209.27,199.09,213.5,196.0,119.55M,-4.82%,-0.04936569589813954
2024-08-06,207.23,205.3,209.99,201.07,69.66M,-0.97%,-0.0097959967031821
2024-08-07,209.82,206.9,213.64,206.39,63.52M,1.25%,0.012420732753943361
2024-08-08,213.31,213.11,214.2,208.83,47.16M,1.66%,0.016496486400387027
2024-08-09,216.24,212.1,216.78,211.97,42.20M,1.37%,0.013642395264465933
2024-08-12,217.53,216.07,219.51,215.6,38.03M,0.60%,0.005947870083418819
2024-08-13,221.27,219.01,221.89,219.01,44.16M,1.72%,0.017046903231228767
2024-08-14,221.72,220.57,223.03,219.7,41.96M,0.20%,0.0020316492687641797
2024-08-15,224.72,224.6,225.35,222.76,46.41M,1.35%,0.013439858244384291
2024-08-16,226.05,223.92,226.83,223.65,44.34M,0.59%,0.00590103094462589
2024-08-19,225.89,225.72,225.99,223.04,40.69M,-0.07%,-0.0007080586214304646
2024-08-20,226.51,225.77,227.17,225.45,30.30M,0.27%,0.0027409389396927126
2024-08-21,226.4,226.52,227.98,225.05,34.77M,-0.05%,-0.00048574772984859386
2024-08-22,224.53,227.79,228.34,223.9,43.70M,-0.83%,-0.008294017784918365
2024-08-23,226.84,225.66,228.22,224.33,38.68M,1.03%,0.010235594601717834
2024-08-26,227.18,226.76,227.28,223.89,30.60M,0.15%,0.001497731657448228
2024-08-27,228.03,225.99,228.85,224.89,35.93M,0.37%,0.003734544442783304
2024-08-28,226.49,227.92,229.86,225.68,38.05M,-0.68%,-0.006776405407990087
2024-08-29,229.79,230.1,232.92,228.88,51.91M,1.46%,0.014465054528776243
2024-08-30,229.0,230.19,230.4,227.48,52.99M,-0.34%,-0.003443844812605291
2024-09-03,222.77,228.55,229.0,221.17,50.19M,-2.72%,-0.027582154477457006
2024-09-04,220.85,221.66,221.78,217.48,43.84M,-0.86%,-0.008656111034247143
2024-09-05,222.38,221.63,225.48,221.52,36.62M,0.69%,0.00690389223256762
2024-09-06,220.82,223.95,225.24,219.77,48.42M,-0.70%,-0.007039740264112212
2024-09-09,220.91,220.82,221.27,216.71,67.18M,0.04%,0.000407488743102535
2024-09-10,220.11,218.92,221.48,216.73,51.59M,-0.36%,-0.0036279573600808664
2024-09-11,222.66,221.46,223.09,217.89,44.59M,1.16%,0.011518522906548473
2024-09-12,222.77,222.5,223.55,219.82,37.50M,0.05%,0.0004939047762214708
2024-09-13,222.5,223.58,224.04,221.91,36.77M,-0.12%,-0.001212747470487677
2024-09-16,216.32,216.54,217.22,213.92,59.36M,-2.78%,-0.02816830875169572
2024-09-17,216.79,215.75,216.9,214.5,45.52M,0.22%,0.002170350185825443
2024-09-18,220.69,217.55,222.71,217.54,59.89M,1.80%,0.01782985881964383
2024-09-19,228.87,224.99,229.82,224.63,66.78M,3.71%,0.03639515491017921
2024-09-20,228.2,229.97,233.09,227.62,318.68M,-0.29%,-0.0029317193422724623
2024-09-23,226.47,227.34,229.45,225.81,54.15M,-0.76%,-0.007609951608332035
2024-09-24,227.37,228.65,229.35,225.73,43.56M,0.40%,0.0039661606724042875
2024-09-25,226.37,224.93,227.29,224.02,42.31M,-0.44%,-0.004407817777012997
2024-09-26,227.52,227.3,228.5,225.41,36.64M,0.51%,0.005067317899841547
2024-09-27,227.79,228.46,229.52,227.3,34.03M,0.12%,0.0011860052783758518
2024-09-30,233.0,230.04,233.0,229.65,54.79M,2.29%,0.022614301672448562
2024-10-01,226.21,229.52,229.65,223.74,63.29M,-2.91%,-0.029574682195956357
2024-10-02,226.78,225.89,227.37,223.02,32.88M,0.25%,0.002516613173949516
2024-10-03,225.67,225.14,226.8,223.32,34.04M,-0.49%,-0.004906629359874915
2024-10-04,226.8,227.9,228.0,224.13,37.35M,0.50%,0.004994816669778129
2024-10-07,221.69,224.5,225.69,221.33,39.51M,-2.25%,-0.02278856224773533
2024-10-08,225.77,224.3,225.98,223.25,31.86M,1.84%,0.018236772344019592
2024-10-09,229.54,225.23,229.75,224.83,33.59M,1.67%,0.01656052430264099
2024-10-10,229.04,227.78,229.5,227.17,28.18M,-0.22%,-0.0021806454626626935
2024-10-11,227.55,229.3,229.41,227.34,31.76M,-0.65%,-0.006526666327208577
2024-10-14,231.3,228.7,231.73,228.6,39.88M,1.65%,0.016345574774742577
2024-10-15,233.85,233.61,237.49,232.37,64.75M,1.10%,0.010964314934501682
2024-10-16,231.78,231.6,232.12,229.84,34.08M,-0.89%,-0.008891238265650197
2024-10-17,232.15,233.43,233.85,230.52,32.99M,0.16%,0.0015950685596858294
2024-10-18,235.0,236.18,236.18,234.01,46.43M,1.23%,0.012201799678228265
2024-10-21,236.48,234.45,236.85,234.45,36.25M,0.63%,0.006278123615677908
2024-10-22,235.86,233.88,236.22,232.6,38.85M,-0.26%,-0.002625229098012868
2024-10-23,230.76,234.08,235.14,227.76,52.29M,-2.16%,-0.02186019927313537
2024-10-24,230.57,229.98,230.82,228.41,31.11M,-0.08%,-0.0008237054201667888
2024-10-25,231.41,229.74,233.22,229.57,38.80M,0.36%,0.003636525069058395
2024-10-28,233.4,233.32,234.73,232.55,36.09M,0.86%,0.008562690814875203
2024-10-29,233.67,233.1,234.32,232.32,35.42M,0.12%,0.0011561437475111353
2024-10-30,230.1,232.61,233.47,229.55,47.07M,-1.53%,-0.015395866558646653
2024-10-31,225.91,229.34,229.83,225.37,64.37M,-1.82%,-0.018377307172189244
2024-11-01,222.91,220.96,225.35,220.27,65.28M,-1.33%,-0.013368587316289905
2024-11-04,222.01,220.99,222.79,219.71,44.94M,-0.40%,-0.004045676650014111
2024-11-05,223.45,221.79,223.95,221.14,28.11M,0.65%,0.0064652494766336294
2024-11-06,222.72,222.61,226.07,221.19,54.56M,-0.33%,-0.0032722982334056835
2024-11-07,227.48,224.63,227.88,224.57,42.14M,2.14%,0.02114694529254415
2024-11-08,226.96,227.17,228.66,226.4,38.33M,-0.23%,-0.0022885319380029265
2024-11-11,224.23,225.0,225.7,221.5,42.01M,-1.20%,-0.012101479715156712
2024-11-12,224.23,224.55,225.59,223.35,40.40M,0.00%,0.0
2024-11-13,225.12,224.01,226.65,222.76,48.57M,0.40%,0.003961282580639748
2024-11-14,228.22,225.02,228.87,225.0,44.92M,1.38%,0.013676482640454679
2024-11-15,225.0,226.4,226.92,224.27,47.92M,-1.41%,-0.014209673802113448
2024-11-18,228.02,225.25,229.74,225.17,44.69M,1.34%,0.013332942201153587
2024-11-19,228.28,226.98,230.16,226.66,36.21M,0.11%,0.0011396012629335743
2024-11-20,229.0,228.06,229.93,225.89,35.17M,0.32%,0.0031490578857323766
2024-11-21,228.52,228.88,230.15,225.71,42.11M,-0.21%,-0.0020982696979778065
2024-11-22,229.87,228.06,230.72,228.06,38.17M,0.59%,0.005890197880063815
2024-11-25,232.87,231.46,233.24,229.74,90.15M,1.31%,0.012966426208818584
2024-11-26,235.06,233.33,235.57,233.33,45.99M,0.94%,0.009360442759563672
2024-11-27,234.93,234.46,235.69,233.81,33.50M,-0.06%,-0.0005532032737520651
2024-11-29,237.33,234.8,237.81,233.97,28.48M,1.02%,0.010163980270458799
2024-12-02,239.59,237.27,240.79,237.16,48.14M,0.95%,0.009477551441854002
2024-12-03,242.65,239.81,242.76,238.9,38.86M,1.28%,0.01269094670795666
2024-12-04,243.01,242.87,244.11,241.25,44.38M,0.15%,0.0014825189059665656
2024-12-05,243.04,243.99,244.54,242.13,40.03M,0.01%,0.00012344409027086238
2024-12-06,242.84,242.9,244.63,242.08,36.87M,-0.08%,-0.0008232485852293405
2024-12-09,246.75,241.83,247.24,241.75,44.65M,1.61%,0.015972888051357558
2024-12-10,247.77,246.89,248.21,245.34,36.91M,0.41%,0.004125218177144301
2024-12-11,246.49,247.96,250.8,246.26,45.21M,-0.52%,-0.005179471782210545
2024-12-12,247.96,246.89,248.74,245.68,32.78M,0.60%,0.00594601812519399
2024-12-13,248.13,247.82,249.29,246.24,33.16M,0.07%,0.000685359538206058
2024-12-16,251.04,247.99,251.38,247.65,51.69M,1.17%,0.011659486612797755
2024-12-17,253.48,250.08,253.83,249.78,51.36M,0.97%,0.009672635470593672
2024-12-18,248.05,252.16,254.28,247.74,56.77M,-2.14%,-0.02165458570825826
2024-12-19,249.79,247.5,252.0,247.09,60.88M,0.70%,0.0069902261174959015
2024-12-20,254.49,248.04,255.0,245.69,147.50M,1.88%,0.018640977623199214
2024-12-23,255.27,254.77,255.65,253.45,40.86M,0.31%,0.0030602660418225774
2024-12-24,258.2,255.49,258.21,255.29,23.23M,1.15%,0.011412669882966294
2024-12-26,259.02,258.19,260.1,257.63,27.26M,0.32%,0.0031708003828989626
2024-12-27,255.59,257.83,258.7,253.06,42.36M,-1.32%,-0.0133306806880835
2024-12-30,252.2,252.23,253.5,250.75,35.56M,-1.33%,-0.013352174576538492
2024-12-31,250.42,252.44,253.28,249.43,39.48M,-0.71%,-0.007082915290017538
2025-01-02,243.85,248.93,249.1,241.82,55.74M,-2.62%,-0.026586226084739983
2025-01-03,243.36,243.36,244.18,241.89,40.24M,-0.20%,-0.0020114536450788353
2025-01-06,245.0,244.31,247.33,243.2,45.05M,0.67%,0.006716382033744203
2025-01-07,242.21,242.98,245.55,241.35,40.86M,-1.14%,-0.011453092086491822
2025-01-08,242.7,241.92,243.71,240.05,37.63M,0.20%,0.0020209942743203797
2025-01-10,236.85,240.01,240.16,233.0,61.71M,-2.41%,-0.024399083362794845
2025-01-13,234.4,233.53,234.67,229.72,49.63M,-1.03%,-0.010397971666903203
2025-01-14,233.28,234.75,236.12,232.47,39.44M,-0.48%,-0.004789608882564205
2025-01-15,237.87,234.63,238.96,234.43,39.83M,1.97%,0.019484857132124
2025-01-16,228.26,237.35,238.01,228.03,71.76M,-4.04%,-0.041238975826963314
2025-01-17,229.98,232.12,232.29,228.48,68.49M,0.75%,0.007507018495064835
2025-01-21,222.64,224.0,224.42,219.38,98.07M,-3.19%,-0.03243623140288344
2025-01-22,223.83,219.79,224.12,219.79,64.13M,0.53%,0.005330717933897527
2025-01-23,223.66,224.74,227.03,222.3,60.23M,-0.08%,-0.0007597935514905356
2025-01-24,222.78,224.78,225.63,221.41,54.70M,-0.39%,-0.003942304182998584
2025-01-27,229.86,224.02,232.15,223.98,94.86M,3.18%,0.03128569052356898
2025-01-28,238.26,230.85,240.19,230.81,75.71M,3.65%,0.035892086430602384
2025-01-29,239.36,234.12,239.85,234.01,45.49M,0.46%,0.004606180414897502
2025-01-30,237.59,238.66,240.79,237.21,55.66M,-0.74%,-0.0074221957254156
2025-01-31,236.0,247.19,247.19,233.44,101.08M,-0.67%,-0.006714694035086833
2025-02-03,228.01,229.99,231.83,225.7,73.06M,-3.39%,-0.034442317383852845
2025-02-04,232.8,227.25,233.13,226.65,45.07M,2.10%,0.020790228215525564
2025-02-05,232.47,228.53,232.67,228.27,39.66M,-0.14%,-0.0014185314133143574
2025-02-06,233.22,231.29,233.8,230.43,29.93M,0.32%,0.0032210296482183117
2025-02-07,227.63,232.6,234.0,227.26,39.71M,-2.40%,-0.0242607103328896
2025-02-10,227.65,229.57,230.59,227.2,33.12M,0.01%,8.785802149386105e-05
2025-02-11,232.62,228.2,235.23,228.13,53.72M,2.18%,0.021596859130101596
2025-02-12,236.87,231.2,236.96,230.68,45.24M,1.83%,0.01810524652359782
2025-02-13,241.53,236.91,242.34,235.57,53.61M,1.97%,0.01948222154550864
2025-02-14,244.6,241.25,245.55,240.99,40.90M,1.27%,0.012630534273072785
2025-02-18,244.47,244.15,245.18,241.84,48.82M,-0.05%,-0.0005316212528338489
2025-02-19,244.87,244.66,246.01,243.16,32.20M,0.16%,0.0016348554750960618
2025-02-20,245.83,244.94,246.78,244.29,32.32M,0.39%,0.003912782656568721
2025-02-21,245.55,245.95,248.69,245.22,53.20M,-0.11%,-0.0011396476466492649
2025-02-24,247.1,244.93,248.86,244.42,51.33M,0.63%,0.006292520509310753
2025-02-25,247.04,248.0,250.0,244.91,48.01M,-0.02%,-0.0002428461581531033
2025-02-26,240.36,244.33,244.98,239.13,44.43M,-2.70%,-0.027412467370684025
2025-02-27,237.3,239.41,242.46,237.06,41.15M,-1.27%,-0.012812636024009335
2025-02-28,241.84,236.95,242.09,230.2,56.83M,1.91%,0.01895118702948463
2025-03-03,238.03,241.79,244.03,236.11,47.18M,-1.58%,-0.01587963432324655
2025-03-04,235.93,237.71,240.07,234.68,53.80M,-0.88%,-0.008861565289334124
2025-03-05,235.74,235.42,236.55,229.23,47.23M,-0.08%,-0.0008056480601985587
2025-03-06,235.33,234.43,237.86,233.16,45.17M,-0.17%,-0.001740718379554715
2025-03-07,239.07,235.1,241.37,234.76,46.27M,1.59%,0.0157676116588977
2025-03-10,227.48,235.54,236.16,224.22,72.07M,-4.85%,-0.04969407363916757
2025-03-11,220.84,223.8,225.84,217.45,76.14M,-2.92%,-0.029623865022754978
2025-03-12,216.98,220.14,221.75,214.91,62.55M,-1.75%,-0.0176332740215393
2025-03-13,209.68,215.95,216.84,208.42,61.37M,-3.36%,-0.034222624379153584
2025-03-14,213.49,211.25,213.95,209.58,60.11M,1.82%,0.018007434149081746
2025-03-17,214.0,213.31,215.22,209.97,48.07M,0.24%,0.0023860218576188547
2025-03-18,212.69,214.16,215.15,211.49,42.43M,-0.61%,-0.006140308495397845
2025-03-19,215.24,214.22,218.76,213.75,54.39M,1.20%,0.01191797809476539
2025-03-20,214.1,213.99,217.49,212.22,48.86M,-0.53%,-0.005310489025581843
2025-03-21,218.27,211.56,218.84,211.28,94.13M,1.95%,0.019289632955349155
2025-03-24,220.73,221.0,221.48,218.58,44.30M,1.13%,0.011207406602134005
2025-03-25,223.75,220.77,224.1,220.08,34.49M,1.37%,0.013589122001844327
2025-03-26,221.53,223.51,225.02,220.47,34.53M,-0.99%,-0.009971336660380734
2025-03-27,223.85,221.39,224.99,220.56,37.09M,1.05%,0.01041816419239041
2025-03-28,217.9,221.67,223.81,217.68,39.82M,-2.66%,-0.02693994273640031
2025-03-31,222.13,217.01,225.62,216.23,65.30M,1.94%,0.019226554118956955
2025-04-01,223.19,219.8,223.68,218.9,36.41M,0.48%,0.00476063056656272
2025-04-02,223.89,221.32,225.19,221.02,35.91M,0.31%,0.003131433175311838
2025-04-03,203.19,205.54,207.49,201.25,103.42M,-9.25%,-0.09701335791648369
2025-04-04,188.38,193.89,199.88,187.34,125.91M,-7.29%,-0.07568030250025096
2025-04-07,181.46,177.2,194.15,174.62,160.47M,-3.67%,-0.037425955653188146
2025-04-08,172.42,186.7,190.34,169.21,120.86M,-4.98%,-0.051101882959704026
2025-04-09,198.85,171.95,200.61,171.89,184.40M,15.33%,0.1426174108719208
2025-04-10,190.42,189.07,194.78,183.0,121.88M,-4.24%,-0.04331861279615431
2025-04-11,198.15,186.1,199.54,186.06,87.44M,4.06%,0.03979216077889878
2025-04-14,202.52,211.44,212.94,201.16,101.35M,2.21%,0.021814327465264516
2025-04-15,202.14,201.85,203.51,199.8,51.34M,-0.19%,-0.0018781204551920384
2025-04-16,194.27,198.36,200.7,192.37,59.73M,-3.89%,-0.0397115825958271
2025-04-17,196.98,197.2,198.83,194.42,52.16M,1.39%,0.01385325669086682
2025-04-21,193.16,193.26,193.8,189.81,46.74M,-1.94%,-0.019583339736215177
2025-04-22,199.74,196.12,201.59,195.97,52.98M,3.41%,0.03349765980964751
2025-04-23,204.6,206.0,208.0,202.8,52.93M,2.43%,0.024040332702537383
2025-04-24,208.37,204.89,208.83,202.94,47.31M,1.84%,0.018258492064582833
2025-04-25,209.28,206.37,209.75,206.2,38.22M,0.44%,0.004357722686725041
2025-04-28,210.14,210.0,211.5,207.46,38.74M,0.41%,0.004100906991795252
2025-04-29,211.21,208.69,212.24,208.37,36.83M,0.51%,0.005078923935421559
2025-04-30,212.5,209.3,213.58,206.67,52.29M,0.61%,0.006089089168420812
2025-05-01,213.32,209.08,214.56,208.9,57.37M,0.39%,0.003851397367929873
2025-05-02,205.35,206.09,206.99,202.16,101.01M,-3.74%,-0.038077545329833914
2025-05-05,198.89,203.1,204.1,198.21,69.02M,-3.15%,-0.0319639323274125
2025-05-06,198.51,198.21,200.65,197.02,51.22M,-0.19%,-0.0019124313830772783
2025-05-07,196.25,199.17,199.44,193.25,68.62M,-1.14%,-0.011450120029559962
2025-05-08,197.49,197.72,200.05,194.68,50.48M,0.63%,0.006298593485377273
2025-05-09,198.53,199.0,200.54,197.54,36.45M,0.53%,0.0052522720610924155
2025-05-12,210.79,210.97,211.27,206.75,63.78M,6.18%,0.059922155002815725
2025-05-13,212.93,210.43,213.4,209.0,51.91M,1.02%,0.01010109598650392
2025-05-14,212.33,212.43,213.94,210.58,49.33M,-0.28%,-0.0028218050046047607
2025-05-15,211.45,210.95,212.96,209.54,45.03M,-0.41%,-0.004153104275204898
2025-05-16,211.26,212.36,212.57,209.77,54.74M,-0.09%,-0.0008989615234814366
2025-05-19,208.78,207.91,209.48,204.26,46.14M,-1.17%,-0.011808536414863721
2025-05-20,206.86,207.67,208.47,205.03,42.50M,-0.92%,-0.009238830030494747
2025-05-21,202.09,205.17,207.04,200.71,59.21M,-2.31%,-0.02332909321950063
2025-05-22,201.36,200.71,202.75,199.7,46.74M,-0.36%,-0.0036187919030965495
2025-05-23,195.27,193.66,197.7,193.46,78.43M,-3.02%,-0.030711134574654807
2025-05-27,200.21,198.3,200.74,197.43,56.29M,2.53%,0.024983599431202347
2025-05-28,200.42,200.59,202.73,199.9,45.34M,0.10%,0.0010483489465745394
2025-05-29,199.95,203.57,203.81,198.51,51.48M,-0.23%,-0.002347829337355481
2025-05-30,200.85,199.37,201.96,196.78,70.82M,0.45%,0.004491025512463802
2025-06-02,201.7,200.28,202.13,200.12,35.42M,0.42%,0.004223084154874757
2025-06-03,203.27,201.35,203.77,200.96,46.38M,0.78%,0.007753699610704572
2025-06-04,202.82,202.91,206.24,202.1,43.60M,-0.22%,-0.00221625838702034
2025-06-05,200.63,203.5,204.75,200.15,55.22M,-1.08%,-0.01085647049174078
2025-06-06,203.92,203.0,205.7,202.05,46.61M,1.64%,0.016265344375750522
2025-06-09,201.45,204.39,206.0,200.02,72.86M,-1.21%,-0.012186548430503737
2025-06-10,202.67,200.6,204.35,200.57,54.67M,0.61%,0.006037828893865591
2025-06-11,198.78,203.5,204.5,198.41,60.99M,-1.92%,-0.01938035499136232
2025-06-12,199.2,199.08,199.68,197.36,43.90M,0.21%,0.002110659610638244
2025-06-13,196.45,199.73,200.37,195.7,51.45M,-1.38%,-0.013901399146029038
2025-06-16,198.42,197.3,198.68,196.56,43.02M,1.00%,0.009978050217287622
2025-06-17,195.64,197.2,198.39,195.21,38.86M,-1.40%,-0.014109760550600002
2025-06-18,196.58,195.94,197.57,195.07,45.39M,0.48%,0.004793237467327044
2025-06-20,201.0,198.24,201.7,196.85,96.81M,2.25%,0.022235434920592347
2025-06-23,201.5,201.63,202.3,198.96,55.81M,0.25%,0.0024844733276619658
2025-06-24,200.3,202.59,203.44,200.2,54.06M,-0.60%,-0.005973138714965093
2025-06-25,201.56,201.45,203.67,200.62,39.53M,0.63%,0.006270861140624811
2025-06-26,201.0,201.43,202.64,199.46,50.80M,-0.28%,-0.002782195753321553
2025-06-27,201.08,201.89,203.22,200.0,73.19M,0.04%,0.0003979307652987323
2025-06-30,205.17,202.01,207.39,199.26,91.91M,2.03%,0.020136064953739752
2025-07-01,207.82,206.66,210.19,206.14,78.79M,1.29%,0.012833416646386379
2025-07-02,212.44,208.91,213.34,208.14,67.94M,2.22%,0.021987275129697868
2025-07-03,213.55,212.15,214.65,211.81,34.96M,0.52%,0.005211401733277193
2025-07-07,209.95,212.68,216.23,208.8,50.23M,-1.69%,-0.017001590157273334
2025-07-08,210.01,210.1,211.43,208.45,42.85M,0.03%,0.00028574150113462317
2025-07-09,211.14,209.53,211.33,207.22,48.75M,0.54%,0.0053662719302118
2025-07-10,212.41,210.51,213.48,210.03,44.44M,0.60%,0.005996948677244871
2025-07-11,211.16,210.57,212.13,209.86,39.77M,-0.59%,-0.005902229283378157
2025-07-14,208.62,209.93,210.91,207.54,38.84M,-1.20%,-0.01210172470759039
2025-07-15,209.11,209.22,211.89,208.92,42.30M,0.23%,0.0023460140508832585
2025-07-16,210.16,210.29,212.4,208.64,47.49M,0.50%,0.005008716078575934
2025-07-17,210.02,210.57,211.8,209.59,48.07M,-0.07%,-0.0006663810994370712
2025-07-18,211.18,210.87,211.79,209.7,48.97M,0.55%,0.005508086100520932
2025-07-21,212.48,212.1,215.78,211.63,51.38M,0.62%,0.0061370159097006195
2025-07-22,214.4,213.14,214.95,212.23,46.40M,0.90%,0.008995562908578003
2025-07-23,214.15,215.0,215.15,212.41,46.99M,-0.12%,-0.0011667251352669031
2025-07-24,213.76,213.9,215.69,213.53,46.02M,-0.18%,-0.0018228137130991598
2025-07-25,213.88,214.7,215.24,213.4,40.27M,0.06%,0.0005612197322500155
2025-07-28,214.05,214.03,214.85,213.06,37.86M,0.08%,0.0007945225104243903
2025-07-29,211.27,214.18,214.81,210.82,51.41M,-1.30%,-0.013072696278811793
2025-07-30,209.05,211.9,212.39,207.72,45.51M,-1.05%,-0.01056347850956926
2025-07-31,207.57,208.49,209.84,207.16,80.70M,-0.71%,-0.007104825623744683
2025-08-01,202.38,210.87,213.58,201.5,104.43M,-2.50%,-0.025321513877215478
2025-08-04,203.35,204.51,207.88,201.68,75.11M,0.48%,0.004781514051619624
2025-08-05,202.92,203.4,205.34,202.16,44.16M,-0.21%,-0.0021168196547443788
2025-08-06,213.25,205.63,215.38,205.59,108.48M,5.09%,0.04965337367329933
2025-08-07,220.03,218.88,220.85,216.58,90.22M,3.18%,0.03129871432026111
2025-08-08,229.35,220.83,231.0,219.25,113.85M,4.24%,0.04148532035113141
2025-08-11,227.18,227.92,229.56,224.76,61.81M,-0.95%,-0.009506566239905357
2025-08-12,229.65,228.01,230.8,227.07,55.67M,1.09%,0.010813755968526953
2025-08-13,233.33,231.07,235.0,230.43,69.88M,1.60%,0.01589734978716502
2025-08-14,232.78,234.05,235.12,230.85,51.92M,-0.24%,-0.00235995904513725
2025-08-15,231.59,234.0,234.28,229.34,56.04M,-0.51%,-0.00512523464010095
2025-08-18,230.89,231.7,233.12,230.11,37.48M,-0.30%,-0.0030271602428172274
2025-08-19,230.56,231.27,232.87,229.35,39.40M,-0.14%,-0.001430274379700124
2025-08-20,226.01,229.98,230.47,225.77,42.26M,-1.97%,-0.019931886170219938
2025-08-21,224.9,226.27,226.52,223.78,30.62M,-0.49%,-0.00492338711572196
2025-08-22,227.76,226.17,229.09,225.41,42.48M,1.27%,0.012636584004512057
2025-08-25,227.16,226.48,229.3,226.23,30.98M,-0.26%,-0.0026378279605502935
2025-08-26,229.31,226.87,229.49,224.69,54.58M,0.95%,0.009420184893664791
2025-08-27,230.49,228.61,230.9,228.26,31.26M,0.51%,0.005132677644756611
2025-08-28,232.56,230.82,233.41,229.34,38.07M,0.90%,0.008940778702967176
2025-08-29,232.14,232.51,233.38,231.37,39.42M,-0.18%,-0.0018076183101439452
2025-09-02,229.72,229.25,230.85,226.97,44.08M,-1.04%,-0.010479461944380755
2025-09-03,238.47,237.21,238.85,234.36,66.43M,3.81%,0.03738234025703522
2025-09-04,239.78,238.45,239.9,236.74,47.55M,0.55%,0.005478320026376708
2025-09-05,239.69,239.99,241.32,238.49,54.87M,-0.04%,-0.00037541452460853166
2025-09-08,237.88,239.3,240.15,236.34,49.00M,-0.76%,-0.00758007691650613
2025-09-09,234.35,237.0,238.78,233.36,66.31M,-1.48%,-0.014950620469677826
2025-09-10,226.79,232.18,232.42,225.95,83.44M,-3.23%,-0.032791245197944616
2025-09-11,230.03,226.88,230.45,226.65,50.21M,1.43%,0.014185256029157005
2025-09-12,234.07,229.22,234.51,229.02,55.82M,1.76%,0.01741048072188551
2025-09-15,236.7,237.0,238.19,235.03,42.70M,1.12%,0.011173300598125255
2025-09-16,238.15,237.18,241.22,236.32,63.42M,0.61%,0.006107210726931303
2025-09-17,238.99,238.97,240.1,237.73,46.51M,0.35%,0.0035209828050978467
2025-09-18,237.88,239.97,241.2,236.65,44.25M,-0.46%,-0.004655365213574466
2025-09-19,245.5,241.23,246.3,240.21,163.74M,3.20%,0.031530602396182335
2025-09-22,256.08,248.3,256.64,248.12,105.52M,4.31%,0.0421929484270323
2025-09-23,254.43,255.88,257.34,253.58,60.28M,-0.64%,-0.006464146619889126
2025-09-24,252.31,255.22,255.74,251.04,42.30M,-0.83%,-0.008367258825429779
2025-09-25,256.87,253.21,257.17,251.71,55.20M,1.81%,0.0179116301245757
2025-09-26,255.46,254.1,257.6,253.78,46.08M,-0.55%,-0.005504278726233457
2025-09-29,254.43,254.56,255.0,253.01,40.13M,-0.40%,-0.004040092572912473
2025-09-30,254.63,254.85,255.92,253.11,37.70M,0.08%,0.0007857620331213641
2025-10-01,255.45,255.04,258.79,254.93,48.71M,0.32%,0.003215184701967226
2025-10-02,257.13,256.58,258.18,254.15,42.63M,0.66%,0.006555097802094065
2025-10-03,258.02,254.66,259.24,253.95,49.16M,0.35%,0.0034553077180894433
2025-10-06,256.69,257.99,259.07,255.05,44.66M,-0.52%,-0.005167970158442561
2025-10-07,256.48,256.8,257.4,255.43,31.96M,-0.08%,-0.0008184422773049941
2025-10-08,258.06,256.52,258.52,256.11,36.50M,0.62%,0.006141427162457078
2025-10-09,254.04,257.8,258.0,253.14,38.32M,-1.56%,-0.01570038108892594
2025-10-10,245.27,254.94,256.38,244.0,62.00M,-3.45%,-0.0351320903749287
2025-10-13,247.66,249.38,249.69,245.56,38.14M,0.97%,0.009697193227107182
2025-10-14,247.77,246.6,248.85,244.7,35.48M,0.04%,0.0004440587037828413
2025-10-15,249.34,249.49,251.82,247.47,33.89M,0.63%,0.0063165304260936386
2025-10-16,247.45,248.25,249.04,245.13,39.78M,-0.76%,-0.007608885518933919
2025-10-17,252.29,248.02,253.38,247.27,49.15M,1.96%,0.019370678108879068
2025-10-20,262.24,255.88,264.38,255.63,90.48M,3.94%,0.038680895488745495
2025-10-21,262.77,261.88,265.29,261.83,46.70M,0.20%,0.002019009847587752
2025-10-22,258.45,262.65,262.85,255.43,45.02M,-1.64%,-0.016576873201058953
2025-10-23,259.58,259.94,260.62,258.01,32.75M,0.44%,0.004362688617564541
2025-10-24,262.82,261.19,264.13,259.18,38.25M,1.25%,0.012404446955879033
2025-10-27,268.81,264.88,269.12,264.65,44.89M,2.28%,0.022535423122463517
2025-10-28,269.0,268.98,269.89,268.15,41.53M,0.07%,0.0007065692638837042
2025-10-29,269.7,269.27,271.41,267.11,51.09M,0.26%,0.0025988505438451492
2025-10-30,271.4,271.99,274.14,268.48,69.89M,0.63%,0.006283517255084504
2025-10-31,270.37,276.99,277.32,269.16,86.17M,-0.38%,-0.0038023561325672382
2025-11-03,269.05,270.42,270.85,266.25,50.19M,-0.49%,-0.004894155332772815
2025-11-04,270.04,268.33,271.49,267.61,49.27M,0.37%,0.0036728602382412124
2025-11-05,270.14,268.61,271.7,266.93,43.68M,0.04%,0.00037024695894810876
2025-11-06,269.77,267.89,273.4,267.89,51.20M,-0.14%,-0.0013705990180649203
2025-11-07,268.47,269.8,272.29,266.77,48.23M,-0.48%,-0.0048305682516764535
2025-11-10,269.43,268.96,273.73,267.45,41.31M,0.36%,0.0035694404880914532
2025-11-11,275.25,269.81,275.91,269.8,46.21M,2.16%,0.02137115925182126
2025-11-12,273.47,275.0,275.73,271.7,48.40M,-0.65%,-0.006487848970949063
2025-11-13,272.95,274.11,276.7,272.09,49.60M,-0.19%,-0.001903298404073698
2025-11-14,272.41,271.05,275.96,269.6,47.43M,-0.20%,-0.0019803439067010314
2025-11-17,267.46,268.82,270.49,265.73,45.02M,-1.82%,-0.018338261876415136
2025-11-18,267.44,269.99,270.71,265.32,45.68M,-0.01%,-7.478033280722247e-05
2025-11-19,268.56,265.52,272.21,265.5,40.42M,0.42%,0.004179110559936339
2025-11-20,266.25,270.83,275.43,265.92,45.82M,-0.86%,-0.00863863564814463
2025-11-21,271.49,265.95,273.33,265.67,59.03M,1.97%,0.01948958925950229
2025-11-24,275.92,270.9,277.0,270.9,65.59M,1.63%,0.016185662345448357
2025-11-25,276.97,275.27,280.38,275.25,46.91M,0.38%,0.003798228444435278
2025-11-26,277.55,276.96,279.53,276.63,33.43M,0.21%,0.002091900063149602
2025-11-28,278.85,277.26,279.0,275.99,20.14M,0.47%,0.004672905699392423
2025-12-01,283.1,278.01,283.42,276.14,46.59M,1.52%,0.01512618928229114
2025-12-02,286.19,283.0,287.4,282.63,53.67M,1.09%,0.010855733793081178
2025-12-03,284.15,286.2,288.62,283.3,43.54M,-0.71%,-0.007153658167804741
2025-12-04,280.7,284.1,284.73,278.59,43.99M,-1.21%,-0.01221578437529367
2025-12-05,278.78,280.54,281.14,278.05,47.27M,-0.68%,-0.006863543066096575
2025-12-08,277.89,278.13,279.67,276.15,38.21M,-0.32%,-0.0031975883676944017
2025-12-09,277.18,278.16,280.03,276.92,32.19M,-0.26%,-0.002558237293389336
2025-12-10,278.78,277.75,279.75,276.44,33.04M,0.58%,0.005755825661083699
2025-12-11,278.03,279.1,279.59,273.81,33.25M,-0.27%,-0.0026939187642996787
2025-12-12,278.28,277.9,279.22,276.82,39.53M,0.09%,0.000898779517999993
2025-12-15,274.11,280.15,280.15,272.84,50.41M,-1.50%,-0.01509831537680152
2025-12-16,274.61,272.82,275.5,271.79,37.65M,0.18%,0.0018224235981354902
2025-12-17,271.84,275.01,276.16,271.64,50.14M,-1.01%,-0.01013825135315272
2025-12-18,272.19,273.61,273.63,266.95,51.63M,0.13%,0.0012866939260253387
2025-12-19,273.67,272.14,274.6,269.9,144.63M,0.54%,0.00542264912845835
2025-12-22,270.97,272.86,273.88,270.51,36.57M,-0.99%,-0.00991488733323548
2025-12-23,272.36,270.84,272.5,269.56,29.64M,0.51%,0.005116606969895846
2025-12-24,273.81,272.34,275.43,272.2,17.91M,0.53%,0.005309714582129585
2025-12-26,273.4,274.16,275.37,272.86,21.52M,-0.15%,-0.0014985109070465431
2025-12-29,273.76,272.69,274.36,272.35,23.72M,0.13%,0.0013158858540342575
2025-12-30,273.08,272.81,274.08,272.28,22.14M,-0.25%,-0.0024870175938038587
2025-12-31,271.86,273.06,273.68,271.75,27.29M,-0.45%,-0.004477564642977647
2026-01-02,271.01,272.26,277.84,269.0,37.84M,-0.31%,-0.003131507339199224
2026-01-05,267.26,270.64,271.51,266.14,45.65M,-1.38%,-0.013933753214987847
2026-01-06,262.36,267.0,267.55,262.12,52.35M,-1.83%,-0.01850436092738003
2026-01-07,260.33,263.2,263.68,259.81,48.31M,-0.77%,-0.007767549433242862
2026-01-08,259.04,257.02,259.29,255.7,50.42M,-0.50%,-0.004967567062966796
2026-01-09,259.37,259.08,260.21,256.22,40.00M,0.13%,0.0012731237613982068
2026-01-12,260.25,259.16,261.3,256.8,45.26M,0.34%,0.0033870938043550165
2026-01-13,261.05,258.72,261.81,258.39,45.73M,0.31%,0.003069252361483235
2026-01-14,259.96,259.49,261.82,256.71,40.02M,-0.42%,-0.00418418683041337
2026-01-15,258.21,260.65,261.04,257.05,39.39M,-0.67%,-0.006754565696655325
2026-01-16,255.53,257.9,258.9,254.93,72.14M,-1.04%,-0.010433387748804377
2026-01-20,246.7,252.73,254.79,243.42,80.27M,-3.46%,-0.03516679604537734
2026-01-21,247.65,248.7,251.56,245.18,54.64M,0.39%,0.003843435498935823
2026-01-22,248.35,249.2,251.0,248.15,39.71M,0.28%,0.002822582519112694
2026-01-23,248.04,247.32,249.41,244.68,41.69M,-0.12%,-0.0012490180716823703
2026-01-26,255.41,251.48,256.56,249.8,55.97M,2.97%,0.029280073618068572
2026-01-27,258.27,259.17,261.95,258.21,49.65M,1.12%,0.011135452238227017
2026-01-28,256.44,257.65,258.86,254.51,41.29M,-0.71%,-0.007110830218916325
2026-01-29,258.28,258.0,259.65,254.41,67.25M,0.72%,0.007149548639209559
2026-01-30,259.48,255.16,261.9,252.18,92.44M,0.46%,0.004635360586588554
2026-02-02,270.01,260.03,270.49,259.2,73.91M,4.06%,0.03977936700470298
2026-02-03,269.48,269.2,271.88,267.61,64.39M,-0.20%,-0.0019648192570985205
2026-02-04,276.49,272.29,278.95,272.29,90.55M,2.60%,0.025680477850631312
2026-02-05,275.91,278.13,279.5,273.23,52.98M,-0.21%,-0.002099928360374465
2026-02-06,278.12,277.12,280.9,276.92,50.45M,0.80%,0.007977949648101178
2026-02-09,274.62,277.9,278.2,271.7,44.62M,-1.26%,-0.012664351337211381
2026-02-10,273.68,274.89,275.37,272.94,34.38M,-0.34%,-0.0034287832242565278
2026-02-11,275.5,274.7,280.18,274.45,51.93M,0.67%,0.006628087923619858
2026-02-12,261.73,275.59,275.72,260.18,81.08M,-5.00%,-0.05127419054863344
2026-02-13,255.78,262.01,262.23,255.45,56.29M,-2.27%,-0.022995738039161814
2026-02-17,263.88,258.05,266.29,255.54,58.47M,3.17%,0.03117675434949605
2026-02-18,264.35,263.6,266.82,262.45,34.20M,0.18%,0.0017795283267892476
2026-02-19,260.58,262.6,264.48,260.05,30.85M,-1.43%,-0.014364066906673809
2026-02-20,264.58,258.97,264.75,258.16,42.07M,1.54%,0.015233747259448463
2026-02-23,266.18,263.49,269.43,263.38,37.31M,0.60%,0.006029108624176231
2026-02-24,272.14,267.86,274.89,267.71,47.01M,2.24%,0.02214386810430231
2026-02-25,274.23,271.78,274.94,271.05,33.71M,0.77%,0.007650530571124887
2026-02-26,272.95,274.95,276.11,270.8,32.35M,-0.47%,-0.004678542106070572
2026-02-27,264.18,272.81,272.81,262.89,72.37M,-3.21%,-0.03265793923204912
2026-03-02,264.72,262.41,266.53,260.2,41.83M,0.20%,0.002041974617639438
2026-03-03,263.75,263.48,265.56,260.13,38.57M,-0.37%,-0.0036709788230805565
2026-03-04,262.52,264.65,266.15,261.42,39.80M,-0.47%,-0.004674415184754272
2026-03-05,260.29,260.79,261.55,257.25,49.66M,-0.85%,-0.008530875553872642
2026-03-06,257.46,258.63,258.77,254.37,41.12M,-1.09%,-0.010932025820161116
